Rk,Player,Age,G,GS,MP,FG,FGA,FG%,3P,3PA,3P%,2P,2PA,2P%,eFG%,FT,FTA,FT%,ORB,DRB,TRB,AST,STL,BLK,TOV,PF,PTS,Trp-Dbl,Awards,Player-additional,Team
1,Darius Garland,25.0,75,75,2301,554,1174,0.472,212,529,0.401,342,645,0.53,0.562,224,255,0.878,47,167,214,506,91,11,189,143,1544,0,CPOY-6AS,garlada01,Cleveland Cavaliers
2,Jarrett Allen,26.0,82,82,2296,452,640,0.706,0,5,0.0,452,635,0.712,0.706,199,277,0.718,216,582,798,158,77,73,97,127,1103,0,,allenja01,Cleveland Cavaliers
3,Donovan Mitchell,28.0,71,71,2232,585,1320,0.443,233,633,0.368,352,687,0.512,0.531,298,362,0.823,57,265,322,354,95,17,149,140,1701,0,MVP-5CPOY-9ASNBA1,mitchdo01,Cleveland Cavaliers
4,Evan Mobley,23.0,71,71,2167,505,906,0.557,85,230,0.37,420,676,0.621,0.604,221,305,0.725,164,495,659,226,61,113,145,141,1316,0,MVP-10DPOY-1ASNBA2DEF1,mobleev01,Cleveland Cavaliers
5,Sam Merrill,28.0,71,4,1401,172,424,0.406,137,368,0.372,35,56,0.625,0.567,28,29,0.966,38,119,157,108,53,14,35,124,509,0,,merrisa01,Cleveland Cavaliers
6,Ty Jerome,27.0,70,3,1392,319,618,0.516,111,253,0.439,208,365,0.57,0.606,129,148,0.872,50,123,173,237,78,3,92,102,878,0,6MOY-3,jeromty01,Cleveland Cavaliers
7,Max Strus,28.0,50,37,1273,165,373,0.442,113,293,0.386,52,80,0.65,0.594,28,34,0.824,53,164,217,158,26,12,54,104,471,0,,strusma01,Cleveland Cavaliers
8,Dean Wade,28.0,59,30,1252,112,271,0.413,80,222,0.36,32,49,0.653,0.561,16,30,0.533,51,198,249,76,42,20,22,101,320,0,,wadede01,Cleveland Cavaliers
9,Georges Niang,31.0,51,1,1053,166,348,0.477,90,225,0.4,76,123,0.618,0.606,23,29,0.793,34,155,189,67,17,7,48,129,445,0,,niangge01,Cleveland Cavaliers
10,Isaac Okoro,24.0,55,22,1053,124,267,0.464,56,151,0.371,68,116,0.586,0.569,33,46,0.717,49,81,130,68,32,16,23,104,337,0,,okorois01,Cleveland Cavaliers
11,Caris LeVert,30.0,38,3,904,135,298,0.453,60,148,0.405,75,150,0.5,0.554,58,83,0.699,22,85,107,140,33,19,51,48,388,0,,leverca01,Cleveland Cavaliers
12,De'Andre Hunter,27.0,27,5,676,131,270,0.485,60,141,0.426,71,129,0.55,0.596,64,78,0.821,17,96,113,35,19,8,23,67,386,0,6MOY-4,huntede01,Cleveland Cavaliers
13,Craig Porter Jr.,24.0,51,1,513,72,140,0.514,21,48,0.438,51,92,0.554,0.589,23,32,0.719,19,48,67,71,17,15,38,25,188,0,,portecr01,Cleveland Cavaliers
14,Jaylon Tyson,22.0,47,3,453,64,149,0.43,20,58,0.345,44,91,0.484,0.497,19,24,0.792,37,59,96,44,13,3,26,50,167,0,,tysonja01,Cleveland Cavaliers
15,Tristan Thompson,33.0,40,0,328,31,71,0.437,0,3,0.0,31,68,0.456,0.437,7,30,0.233,32,102,134,24,2,11,14,36,69,0,,thomptr01,Cleveland Cavaliers
16,Javonte Green,31.0,18,1,166,23,63,0.365,8,33,0.242,15,30,0.5,0.429,5,10,0.5,10,30,40,11,10,1,4,21,59,0,,greenja02,Cleveland Cavaliers
17,Luke Travers,23.0,12,0,88,5,20,0.25,0,9,0.0,5,11,0.455,0.25,2,2,1.0,8,12,20,8,1,1,8,6,12,0,,travelu01,Cleveland Cavaliers
18,Emoni Bates,21.0,10,0,75,13,38,0.342,11,30,0.367,2,8,0.25,0.487,0,0,,0,7,7,8,1,1,2,4,37,0,,batesem01,Cleveland Cavaliers
19,Nae'Qwan Tomlin,24.0,5,1,63,13,32,0.406,2,10,0.2,11,22,0.5,0.438,8,11,0.727,9,12,21,2,0,1,2,9,36,0,,tomlina01,Cleveland Cavaliers
20,JT Thor,22.0,9,0,42,9,15,0.6,3,6,0.5,6,9,0.667,0.7,7,8,0.875,3,3,6,1,2,3,6,6,28,0,,thorjt01,Cleveland Cavaliers
21,Chuma Okeke,26.0,2,0,25,2,7,0.286,1,6,0.167,1,1,1.0,0.357,0,0,,1,3,4,2,0,1,0,0,5,0,,okekech01,Cleveland Cavaliers
22,Team Totals,,82,82,19753,3652,7444,0.491,1303,3401,0.383,2349,4043,0.581,0.578,1392,1793,0.776,917,2806,3723,2304,670,350,1028,1487,9999,0,,-9999,Cleveland Cavaliers
23,Yves Missi,20.0,73,67,1956,269,492,0.547,0,1,0.0,269,491,0.548,0.547,127,204,0.623,255,346,601,99,37,98,82,145,665,0,,missiyv01,New Orleans Pelicans
24,Trey Murphy III,24.0,53,51,1854,381,839,0.454,158,438,0.361,223,401,0.556,0.548,204,230,0.887,47,221,268,188,56,39,103,112,1124,0,,murphtr02,New Orleans Pelicans
25,CJ McCollum,33.0,56,56,1832,444,1000,0.444,171,459,0.373,273,541,0.505,0.53,124,173,0.717,42,170,212,227,46,24,106,124,1183,0,,mccolcj01,New Orleans Pelicans
26,Jose Alvarado,26.0,56,23,1366,204,521,0.392,111,309,0.359,93,212,0.439,0.498,60,74,0.811,27,109,136,259,74,14,86,91,579,0,,alvarjo01,New Orleans Pelicans
27,Jordan Hawkins,22.0,56,9,1321,207,556,0.372,110,332,0.331,97,224,0.433,0.471,80,98,0.816,25,133,158,66,30,23,58,51,604,0,,hawkijo01,New Orleans Pelicans
28,Jeremiah Robinson-Earl,24.0,66,9,1239,158,347,0.455,56,164,0.341,102,183,0.557,0.536,46,55,0.836,110,205,315,88,39,7,51,79,418,0,,robinje02,New Orleans Pelicans
29,Javonte Green,31.0,50,18,1092,100,224,0.446,38,108,0.352,62,116,0.534,0.531,50,66,0.758,49,129,178,45,55,30,28,77,288,0,,greenja02,New Orleans Pelicans
30,Dejounte Murray,28.0,31,31,1012,194,494,0.393,52,174,0.299,142,320,0.444,0.445,102,124,0.823,17,183,200,228,63,12,106,61,542,1,,murrade01,New Orleans Pelicans
31,Brandon Boston Jr.,23.0,42,10,993,166,381,0.436,49,140,0.35,117,241,0.485,0.5,67,85,0.788,28,106,134,92,53,9,52,73,448,0,,bostobr01,New Orleans Pelicans
32,Zion Williamson,24.0,30,30,857,288,508,0.567,3,13,0.231,285,495,0.576,0.57,158,241,0.656,76,140,216,159,37,27,90,82,737,2,,willizi01,New Orleans Pelicans
33,Karlo Matković,23.0,42,7,791,135,235,0.574,21,66,0.318,114,169,0.675,0.619,34,44,0.773,64,145,209,46,22,41,43,106,325,0,,matkoka01,New Orleans Pelicans
34,Antonio Reeves,24.0,44,6,660,113,248,0.456,51,129,0.395,62,119,0.521,0.558,28,35,0.8,18,45,63,39,21,4,30,40,305,0,,reevean01,New Orleans Pelicans
35,Herbert Jones,26.0,20,20,648,75,172,0.436,22,72,0.306,53,100,0.53,0.5,33,40,0.825,22,56,78,65,37,9,35,66,205,0,,joneshe01,New Orleans Pelicans
36,Daniel Theis,32.0,38,9,621,61,129,0.473,9,37,0.243,52,92,0.565,0.508,31,37,0.838,44,120,164,60,18,20,25,70,162,0,,theisda01,New Orleans Pelicans
37,Brandon Ingram,27.0,18,18,595,155,333,0.465,43,115,0.374,112,218,0.514,0.53,47,55,0.855,17,83,100,93,16,11,69,45,400,0,,ingrabr01,New Orleans Pelicans
38,Bruce Brown,28.0,23,12,569,73,178,0.41,16,45,0.356,57,133,0.429,0.455,27,36,0.75,23,73,96,56,17,7,20,45,189,0,,brownbr01,New Orleans Pelicans
39,Kelly Olynyk,33.0,20,20,508,75,150,0.5,14,36,0.389,61,114,0.535,0.547,49,65,0.754,37,80,117,72,17,11,41,64,213,0,,olynyke01,New Orleans Pelicans
40,Jamal Cain,25.0,37,0,502,68,158,0.43,26,80,0.325,42,78,0.538,0.513,34,50,0.68,27,58,85,22,23,9,22,46,196,0,,cainja01,New Orleans Pelicans
41,Elfrid Payton,30.0,18,7,388,37,101,0.366,1,6,0.167,36,95,0.379,0.371,4,7,0.571,14,52,66,146,18,8,52,24,79,0,,paytoel01,New Orleans Pelicans
42,Keion Brooks Jr.,24.0,14,6,332,53,109,0.486,14,43,0.326,39,66,0.591,0.55,22,30,0.733,12,46,58,13,10,10,12,30,142,0,,brookke02,New Orleans Pelicans
43,Jaylen Nowell,25.0,8,0,168,26,73,0.356,8,27,0.296,18,46,0.391,0.411,7,11,0.636,6,14,20,18,1,4,8,9,67,0,,nowelja01,New Orleans Pelicans
44,Trey Jemison,25.0,16,0,166,15,32,0.469,0,0,,15,32,0.469,0.469,8,21,0.381,22,22,44,10,7,6,10,27,38,0,,jemistr01,New Orleans Pelicans
45,Lester Quiñones,24.0,9,0,166,27,70,0.386,13,41,0.317,14,29,0.483,0.479,10,12,0.833,1,14,15,23,3,2,10,18,77,0,,quinole01,New Orleans Pelicans
46,Mo Bamba,26.0,4,0,61,4,9,0.444,0,4,0.0,4,5,0.8,0.444,2,2,1.0,6,19,25,2,0,3,1,7,10,0,,bambamo01,New Orleans Pelicans
47,Kylor Kelley,27.0,3,1,59,4,9,0.444,0,0,,4,9,0.444,0.444,2,4,0.5,4,14,18,3,1,1,3,7,10,0,,kelleky01,New Orleans Pelicans
48,Team Totals,,82,82,19756,3332,7368,0.452,986,2839,0.347,2346,4529,0.518,0.519,1356,1799,0.754,993,2583,3576,2119,701,429,1143,1499,9006,3,,-9999,New Orleans Pelicans
49,Stephen Curry,36.0,70,70,2252,564,1258,0.448,311,784,0.397,253,474,0.534,0.572,279,299,0.933,40,270,310,421,80,30,200,95,1718,0,MVP-9CPOY-5ASNBA2,curryst01,Golden State Warriors
50,Draymond Green,34.0,68,66,1983,216,509,0.424,80,246,0.325,136,263,0.517,0.503,101,147,0.687,74,340,414,383,99,70,174,219,613,1,DPOY-3DEF1,greendr01,Golden State Warriors
51,Buddy Hield,32.0,82,22,1863,328,786,0.417,203,549,0.37,125,237,0.527,0.546,53,64,0.828,51,213,264,134,69,23,91,132,912,0,,hieldbu01,Golden State Warriors
52,Brandin Podziemski,21.0,64,33,1716,280,629,0.445,115,309,0.372,165,320,0.516,0.537,72,95,0.758,65,260,325,220,69,13,75,95,747,0,,podzibr01,Golden State Warriors
53,Moses Moody,22.0,74,34,1649,246,568,0.433,126,337,0.374,120,231,0.519,0.544,106,133,0.797,52,137,189,96,59,31,54,116,724,0,,moodymo01,Golden State Warriors
54,Andrew Wiggins,29.0,43,43,1296,261,588,0.444,94,248,0.379,167,340,0.491,0.524,139,179,0.777,66,131,197,102,40,33,56,70,755,0,,wiggian01,Golden State Warriors
55,Jonathan Kuminga,22.0,47,10,1144,258,568,0.454,46,151,0.305,212,417,0.508,0.495,157,235,0.668,56,161,217,104,38,21,71,90,719,0,,kuminjo01,Golden State Warriors
56,Kevon Looney,28.0,76,6,1142,143,278,0.514,2,5,0.4,141,273,0.516,0.518,56,99,0.566,185,277,462,118,46,37,39,154,344,0,,looneke01,Golden State Warriors
57,Jimmy Butler,35.0,30,30,980,159,334,0.476,19,68,0.279,140,266,0.526,0.504,201,231,0.87,70,95,165,178,50,8,44,29,538,2,,butleji01,Golden State Warriors
58,Trayce Jackson-Davis,24.0,62,37,967,174,302,0.576,0,3,0.0,174,299,0.582,0.576,59,102,0.578,122,189,311,104,23,38,45,73,407,0,,jackstr02,Golden State Warriors
59,Gary Payton II,32.0,62,11,927,171,298,0.574,31,95,0.326,140,203,0.69,0.626,27,38,0.711,53,132,185,83,52,17,39,108,400,0,,paytoga02,Golden State Warriors
60,Gui Santos,22.0,56,2,762,82,179,0.458,34,103,0.33,48,76,0.632,0.553,29,42,0.69,72,100,172,80,25,10,42,91,227,0,,santogu01,Golden State Warriors
61,Quinten Post,24.0,42,14,686,123,274,0.449,73,179,0.408,50,95,0.526,0.582,21,27,0.778,35,113,148,56,16,18,33,83,340,0,,postqu01,Golden State Warriors
62,Lindy Waters III,27.0,38,9,655,76,205,0.371,49,148,0.331,27,57,0.474,0.49,8,11,0.727,16,80,96,42,22,10,17,55,209,0,,waterli01,Golden State Warriors
63,Dennis Schröder,31.0,24,18,628,94,251,0.375,37,115,0.322,57,136,0.419,0.448,29,39,0.744,10,46,56,105,25,3,48,67,254,0,,schrode01,Golden State Warriors
64,Kyle Anderson,31.0,36,3,541,76,169,0.45,19,52,0.365,57,117,0.487,0.506,18,27,0.667,27,83,110,81,26,20,20,40,189,0,,anderky01,Golden State Warriors
65,Pat Spencer,28.0,39,0,250,41,101,0.406,5,22,0.227,36,79,0.456,0.431,11,15,0.733,15,31,46,48,14,3,18,20,98,0,,spencpa01,Golden State Warriors
66,De'Anthony Melton,26.0,6,2,121,22,54,0.407,13,35,0.371,9,19,0.474,0.528,5,8,0.625,6,14,20,17,7,2,10,18,62,0,,meltode01,Golden State Warriors
67,Kevin Knox,25.0,14,0,84,18,36,0.5,4,15,0.267,14,21,0.667,0.556,6,8,0.75,7,10,17,5,2,4,4,6,46,0,,knoxke01,Golden State Warriors
68,Jackson Rowe,28.0,6,0,52,8,17,0.471,3,10,0.3,5,7,0.714,0.559,3,6,0.5,3,8,11,4,4,0,1,4,22,0,,roweja01,Golden State Warriors
69,Yuri Collins,23.0,2,0,16,1,3,0.333,0,0,,1,3,0.333,0.333,0,0,,2,1,3,4,2,0,0,5,2,0,,colliyu01,Golden State Warriors
70,Braxton Key,27.0,3,0,11,0,4,0.0,0,1,0.0,0,3,0.0,0.0,3,6,0.5,1,1,2,0,2,0,1,0,3,0,,keybr01,Golden State Warriors
71,Reece Beekman,23.0,2,0,4,1,1,1.0,0,0,,1,1,1.0,1.0,0,0,,1,0,1,1,1,0,0,1,2,0,,beekmre01,Golden State Warriors
72,Team Totals,,82,82,19729,3342,7412,0.451,1264,3475,0.364,2078,3937,0.528,0.536,1383,1811,0.764,1029,2692,3721,2386,771,391,1082,1571,9331,3,,-9999,Golden State Warriors
73,Anthony Edwards,23.0,79,79,2871,721,1612,0.447,320,811,0.395,401,801,0.501,0.547,415,496,0.837,61,389,450,359,91,51,249,150,2177,0,MVP-7CPOY-3ASNBA2,edwaran01,Minnesota Timberwolves
74,Jaden McDaniels,24.0,82,82,2614,398,834,0.477,100,303,0.33,298,531,0.561,0.537,104,128,0.813,129,341,470,163,110,74,95,225,1000,0,,mcdanja02,Minnesota Timberwolves
75,Rudy Gobert,32.0,72,72,2388,341,510,0.669,0,0,,341,510,0.669,0.669,184,273,0.674,265,520,785,127,56,104,89,182,866,0,DPOY-13DEF2,goberru01,Minnesota Timberwolves
76,Julius Randle,30.0,69,69,2226,455,939,0.485,108,314,0.344,347,625,0.555,0.542,270,335,0.806,144,343,487,323,47,16,196,175,1288,0,,randlju01,Minnesota Timberwolves
77,Naz Reid,25.0,80,17,2200,426,923,0.462,175,462,0.379,251,461,0.544,0.556,111,143,0.776,92,388,480,181,58,72,108,189,1138,0,6MOY-5,reidna01,Minnesota Timberwolves
78,Nickeil Alexander-Walker,26.0,82,10,2073,270,616,0.438,141,370,0.381,129,246,0.524,0.553,92,118,0.78,54,211,265,223,50,34,99,139,773,0,6MOY-6,alexani01,Minnesota Timberwolves
79,Mike Conley,37.0,71,64,1756,187,468,0.4,127,310,0.41,60,158,0.38,0.535,81,90,0.9,32,150,182,319,79,14,75,111,582,0,,conlemi01,Minnesota Timberwolves
80,Donte DiVincenzo,28.0,62,10,1606,250,593,0.422,174,438,0.397,76,155,0.49,0.568,49,63,0.778,32,196,228,225,73,17,99,114,723,0,,divindo01,Minnesota Timberwolves
81,Jaylen Clark,23.0,40,4,522,56,120,0.467,22,51,0.431,34,69,0.493,0.558,29,37,0.784,26,27,53,26,36,2,8,61,163,0,,clarkja02,Minnesota Timberwolves
82,Rob Dillingham,20.0,49,1,516,93,211,0.441,25,74,0.338,68,137,0.496,0.5,8,15,0.533,12,38,50,98,20,1,53,37,219,0,,dilliro01,Minnesota Timberwolves
83,Terrence Shannon Jr.,24.0,32,1,339,55,114,0.482,11,31,0.355,44,83,0.53,0.531,17,21,0.81,10,37,47,32,7,5,15,27,138,0,,shannte01,Minnesota Timberwolves
84,Josh Minott,22.0,46,0,276,44,90,0.489,14,43,0.326,30,47,0.638,0.567,17,19,0.895,12,35,47,18,15,12,11,34,119,0,,minotjo01,Minnesota Timberwolves
85,Luka Garza,26.0,39,0,219,52,105,0.495,10,36,0.278,42,69,0.609,0.543,24,35,0.686,31,23,54,11,6,3,12,29,138,0,,garzalu01,Minnesota Timberwolves
86,Joe Ingles,37.0,19,1,114,6,23,0.261,3,15,0.2,3,8,0.375,0.326,0,0,,2,9,11,23,2,0,9,12,15,0,,inglejo01,Minnesota Timberwolves
87,PJ Dozier,28.0,9,0,35,2,3,0.667,2,3,0.667,0,0,,1.0,1,6,0.167,1,4,5,5,1,0,1,3,7,0,,doziepj01,Minnesota Timberwolves
88,Leonard Miller,21.0,13,0,32,6,15,0.4,0,5,0.0,6,10,0.6,0.4,8,8,1.0,3,8,11,0,2,1,2,2,20,0,,millele01,Minnesota Timberwolves
89,Bones Hyland,24.0,4,0,17,2,3,0.667,1,2,0.5,1,1,1.0,0.833,0,0,,0,1,1,4,0,0,1,3,5,0,,hylanbo01,Minnesota Timberwolves
90,Daishen Nix,22.0,3,0,13,0,1,0.0,0,1,0.0,0,0,,0.0,1,2,0.5,0,4,4,3,0,0,4,1,1,0,,nixda01,Minnesota Timberwolves
91,Tristen Newton,23.0,3,0,8,0,2,0.0,0,0,,0,2,0.0,0.0,0,0,,2,2,4,1,1,0,1,2,0,0,,newtotr01,Minnesota Timberwolves
92,Jesse Edwards,24.0,2,0,5,0,0,,0,0,,0,0,,,0,0,,0,0,0,1,0,0,0,2,0,0,,edwarje01,Minnesota Timberwolves
93,Team Totals,,82,82,19830,3364,7182,0.468,1233,3269,0.377,2131,3913,0.545,0.554,1411,1789,0.789,908,2726,3634,2142,654,406,1127,1498,9372,0,,-9999,Minnesota Timberwolves
94,James Harden,35.0,79,79,2789,531,1295,0.41,235,668,0.352,296,627,0.472,0.501,505,578,0.874,55,401,456,687,118,55,341,162,1802,3,MVP-10ASNBA3,hardeja01,Los Angeles Clippers
95,Ivica Zubac,27.0,80,80,2624,592,942,0.628,0,0,,592,942,0.628,0.628,156,236,0.661,300,710,1010,214,55,90,127,168,1340,1,DPOY-6DEF2,zubaciv01,Los Angeles Clippers
96,Norman Powell,31.0,60,60,1958,457,945,0.484,179,428,0.418,278,517,0.538,0.578,213,265,0.804,21,169,190,125,73,9,108,114,1306,0,,powelno01,Los Angeles Clippers
97,Derrick Jones Jr.,27.0,77,55,1873,310,589,0.526,78,219,0.356,232,370,0.627,0.593,83,118,0.703,93,170,263,60,79,33,66,153,781,0,,jonesde02,Los Angeles Clippers
98,Kris Dunn,30.0,74,58,1783,192,437,0.439,75,224,0.335,117,213,0.549,0.525,15,22,0.682,53,198,251,210,128,27,74,197,474,0,,dunnkr01,Los Angeles Clippers
99,Amir Coffey,27.0,72,13,1748,240,510,0.471,101,247,0.409,139,263,0.529,0.57,115,129,0.891,32,129,161,77,40,7,45,120,696,0,,coffeam01,Los Angeles Clippers
100,Nicolas Batum,36.0,78,8,1367,104,238,0.437,88,203,0.433,16,35,0.457,0.622,17,21,0.81,47,171,218,84,52,36,34,111,313,0,,batumni01,Los Angeles Clippers
101,Kawhi Leonard,33.0,37,37,1180,310,623,0.498,78,190,0.411,232,433,0.536,0.56,98,121,0.81,35,184,219,116,59,17,72,56,796,0,,leonaka01,Los Angeles Clippers
102,Kevin Porter Jr.,24.0,45,2,884,172,407,0.423,26,106,0.245,146,301,0.485,0.455,49,76,0.645,29,131,160,144,43,11,84,70,419,0,,porteke02,Los Angeles Clippers
103,Bogdan Bogdanović,32.0,30,4,750,127,268,0.474,61,143,0.427,66,125,0.528,0.588,28,32,0.875,12,81,93,97,21,5,37,70,343,0,,bogdabo01,Los Angeles Clippers
104,Terance Mann,28.0,37,12,732,87,195,0.446,26,75,0.347,61,120,0.508,0.513,23,32,0.719,32,75,107,59,28,11,25,68,223,0,,mannte01,Los Angeles Clippers
105,Jordan Miller,25.0,37,0,420,58,134,0.433,8,38,0.211,50,96,0.521,0.463,28,35,0.8,23,35,58,34,17,5,26,26,152,0,,millejo02,Los Angeles Clippers
106,Mo Bamba,26.0,28,2,352,48,103,0.466,15,50,0.3,33,53,0.623,0.539,17,25,0.68,26,94,120,16,9,28,19,49,128,0,,bambamo01,Los Angeles Clippers
107,Ben Simmons,28.0,18,0,295,23,53,0.434,0,0,,23,53,0.434,0.434,6,7,0.857,17,52,69,56,12,7,14,26,52,0,,simmobe01,Los Angeles Clippers
108,Kobe Brown,25.0,40,0,272,33,72,0.458,6,26,0.231,27,46,0.587,0.5,5,7,0.714,19,46,65,24,7,4,12,23,77,0,,brownko01,Los Angeles Clippers
109,Bones Hyland,24.0,20,0,222,45,115,0.391,31,80,0.388,14,35,0.4,0.526,23,26,0.885,5,19,24,28,18,4,24,26,144,0,,hylanbo01,Los Angeles Clippers
110,Kai Jones,24.0,28,0,208,26,36,0.722,0,2,0.0,26,34,0.765,0.722,9,12,0.75,15,31,46,10,6,13,10,23,61,0,,joneska01,Los Angeles Clippers
111,Drew Eubanks,27.0,24,0,178,27,49,0.551,0,1,0.0,27,48,0.563,0.551,11,14,0.786,20,38,58,9,2,7,10,17,65,0,,eubandr01,Los Angeles Clippers
112,Patty Mills,36.0,12,0,61,10,20,0.5,9,18,0.5,1,2,0.5,0.725,8,9,0.889,1,0,1,5,1,0,1,12,37,0,,millspa02,Los Angeles Clippers
113,Cam Christie,19.0,13,0,59,7,24,0.292,2,13,0.154,5,11,0.455,0.333,2,4,0.5,3,9,12,6,5,1,2,4,18,0,,chrisca02,Los Angeles Clippers
114,Trentyn Flowers,19.0,6,0,27,4,11,0.364,0,2,0.0,4,9,0.444,0.364,3,3,1.0,1,3,4,0,0,0,1,4,11,0,,flowetr01,Los Angeles Clippers
115,MarJon Beauchamp,24.0,3,0,17,4,7,0.571,2,3,0.667,2,4,0.5,0.714,2,4,0.5,2,1,3,2,0,0,1,2,12,0,,beaucma01,Los Angeles Clippers
116,Patrick Baldwin Jr.,22.0,2,0,6,2,2,1.0,2,2,1.0,0,0,,1.5,0,0,,0,3,3,1,0,0,0,2,6,0,,baldwpa01,Los Angeles Clippers
117,Team Totals,,82,82,19805,3409,7075,0.482,1022,2738,0.373,2387,4337,0.55,0.554,1416,1776,0.797,841,2750,3591,2064,773,370,1133,1503,9256,4,,-9999,Los Angeles Clippers
118,Pascal Siakam,30.0,78,78,2548,613,1182,0.519,126,324,0.389,487,858,0.568,0.572,226,308,0.734,133,407,540,263,70,42,109,189,1578,0,AS,siakapa01,Indiana Pacers
119,Tyrese Haliburton,24.0,73,73,2451,476,1006,0.473,218,562,0.388,258,444,0.581,0.582,189,222,0.851,42,216,258,673,105,49,120,92,1359,0,NBA3,halibty01,Indiana Pacers
120,Myles Turner,28.0,72,72,2174,390,811,0.481,156,394,0.396,234,417,0.561,0.577,184,238,0.773,90,381,471,111,54,144,123,183,1120,0,,turnemy01,Indiana Pacers
121,Bennedict Mathurin,22.0,72,49,2149,391,853,0.458,98,288,0.34,293,565,0.519,0.516,276,332,0.831,87,296,383,136,47,24,135,162,1156,0,,mathube01,Indiana Pacers
122,Andrew Nembhard,25.0,65,65,1881,247,539,0.458,51,175,0.291,196,364,0.538,0.506,108,136,0.794,34,182,216,326,79,11,112,149,653,0,,nembhan01,Indiana Pacers
123,Obi Toppin,26.0,79,4,1545,317,599,0.529,110,301,0.365,207,298,0.695,0.621,89,114,0.781,56,262,318,128,46,28,68,108,833,0,,toppiob01,Indiana Pacers
124,T.J. McConnell,32.0,79,1,1415,324,624,0.519,15,49,0.306,309,575,0.537,0.531,57,77,0.74,44,149,193,351,83,21,109,79,720,0,,mccontj01,Indiana Pacers
125,Ben Sheppard,23.0,63,9,1228,120,287,0.418,68,199,0.342,52,88,0.591,0.537,24,27,0.889,44,133,177,85,38,14,22,125,332,0,,sheppbe01,Indiana Pacers
126,Jarace Walker,21.0,75,5,1187,170,360,0.472,75,185,0.405,95,175,0.543,0.576,46,69,0.667,25,204,229,110,54,25,78,115,461,0,,walkeja02,Indiana Pacers
127,Aaron Nesmith,25.0,45,37,1123,192,379,0.507,84,195,0.431,108,184,0.587,0.617,73,80,0.913,37,141,178,54,35,17,37,114,541,0,,nesmiaa01,Indiana Pacers
128,Thomas Bryant,27.0,56,8,848,151,293,0.515,42,131,0.321,109,162,0.673,0.587,44,53,0.83,77,142,219,49,27,32,28,67,388,0,,bryanth01,Indiana Pacers
129,Quenton Jackson,26.0,28,7,381,58,122,0.475,15,40,0.375,43,82,0.524,0.537,31,40,0.775,14,30,44,53,21,5,16,43,162,0,,jacksqu01,Indiana Pacers
130,Johnny Furphy,20.0,50,0,379,35,92,0.38,15,50,0.3,20,42,0.476,0.462,18,22,0.818,23,48,71,19,18,11,12,41,103,0,,furphjo01,Indiana Pacers
131,Enrique Freeman,24.0,22,1,181,16,37,0.432,1,10,0.1,15,27,0.556,0.446,13,19,0.684,11,19,30,9,3,3,6,21,46,0,,freemen01,Indiana Pacers
132,Tony Bradley,27.0,14,0,113,29,45,0.644,1,3,0.333,28,42,0.667,0.656,2,6,0.333,18,24,42,6,2,9,5,11,61,0,,bradlto01,Indiana Pacers
133,Isaiah Jackson,23.0,5,1,84,14,23,0.609,0,0,,14,23,0.609,0.609,7,14,0.5,11,17,28,5,3,8,5,14,35,0,,jacksis01,Indiana Pacers
134,RayJ Dennis,23.0,11,0,70,11,33,0.333,6,21,0.286,5,12,0.417,0.424,2,2,1.0,2,10,12,14,7,2,5,7,30,0,,dennira01,Indiana Pacers
135,Moses Brown,25.0,9,0,46,13,20,0.65,0,0,,13,20,0.65,0.65,3,5,0.6,4,9,13,0,2,1,6,6,29,0,,brownmo01,Indiana Pacers
136,James Johnson,37.0,12,0,37,4,11,0.364,0,3,0.0,4,8,0.5,0.364,0,1,0.0,0,6,6,4,0,2,4,5,8,0,,johnsja01,Indiana Pacers
137,Tristen Newton,23.0,5,0,8,1,6,0.167,0,3,0.0,1,3,0.333,0.167,1,1,1.0,0,0,0,1,0,0,1,2,3,0,,newtotr01,Indiana Pacers
138,James Wiseman,23.0,1,0,5,2,4,0.5,0,1,0.0,2,3,0.667,0.5,2,2,1.0,0,1,1,0,0,0,0,0,6,0,,wisemja01,Indiana Pacers
139,Jahlil Okafor,29.0,1,0,3,0,0,,0,0,,0,0,,,0,0,,0,1,1,1,0,0,0,0,0,0,,okafoja01,Indiana Pacers
140,Team Totals,,82,82,19856,3574,7326,0.488,1081,2934,0.368,2493,4392,0.568,0.562,1395,1768,0.789,752,2678,3430,2398,694,448,1001,1533,9624,0,,-9999,Indiana Pacers
141,Miles Bridges,26.0,64,64,2029,469,1089,0.431,141,450,0.313,328,639,0.513,0.495,221,254,0.87,72,409,481,248,44,45,136,93,1300,1,,bridgmi02,Charlotte Hornets
142,Josh Green,24.0,68,67,1887,180,421,0.428,97,248,0.391,83,173,0.48,0.543,49,72,0.681,56,116,172,108,74,15,70,165,506,0,,greenjo02,Charlotte Hornets
143,LaMelo Ball,23.0,47,47,1505,406,1003,0.405,179,528,0.339,227,475,0.478,0.494,193,229,0.843,47,185,232,346,54,13,167,157,1184,0,,ballla01,Charlotte Hornets
144,Nick Smith Jr.,20.0,60,27,1369,222,568,0.391,104,306,0.34,118,262,0.45,0.482,43,46,0.935,13,115,128,145,17,6,82,79,591,0,,smithni01,Charlotte Hornets
145,Tidjane Salaün,19.0,60,10,1244,114,345,0.33,58,205,0.283,56,140,0.4,0.414,67,94,0.713,70,210,280,74,29,14,58,84,353,0,,salauti01,Charlotte Hornets
146,Moussa Diabaté,23.0,71,8,1241,167,280,0.596,0,6,0.0,167,274,0.609,0.596,69,116,0.595,187,251,438,56,46,40,61,109,403,0,,diabamo01,Charlotte Hornets
147,Mark Williams,23.0,44,41,1171,270,447,0.604,0,4,0.0,270,443,0.609,0.604,131,163,0.804,132,315,447,109,32,54,71,105,671,0,,willima07,Charlotte Hornets
148,DaQuan Jeffries,27.0,47,20,1071,118,291,0.405,55,164,0.335,63,127,0.496,0.5,24,30,0.8,37,98,135,53,26,25,35,99,315,0,,jeffrda01,Charlotte Hornets
149,Seth Curry,34.0,68,14,1062,164,343,0.478,83,182,0.456,81,161,0.503,0.599,33,39,0.846,24,89,113,60,27,7,32,59,444,0,,curryse01,Charlotte Hornets
150,Cody Martin,29.0,39,8,967,116,268,0.433,40,124,0.323,76,144,0.528,0.507,34,49,0.694,40,136,176,89,43,26,42,72,306,0,,martico01,Charlotte Hornets
151,Brandon Miller,22.0,27,27,924,198,491,0.403,104,293,0.355,94,198,0.475,0.509,68,79,0.861,25,106,131,98,29,20,76,74,568,0,,millebr02,Charlotte Hornets
152,KJ Simpson,22.0,36,15,842,104,301,0.346,33,130,0.254,71,171,0.415,0.4,41,50,0.82,39,70,109,112,34,6,56,56,282,0,,simpskj01,Charlotte Hornets
153,Vasilije Micić,31.0,36,16,764,95,273,0.348,45,125,0.36,50,148,0.338,0.43,34,41,0.829,20,67,87,127,15,0,74,44,269,0,,micicva01,Charlotte Hornets
154,Grant Williams,26.0,16,7,479,54,123,0.439,27,74,0.365,27,49,0.551,0.549,31,37,0.838,18,64,82,37,18,13,28,46,166,0,,willigr01,Charlotte Hornets
155,Jusuf Nurkić,30.0,26,9,471,94,189,0.497,13,46,0.283,81,143,0.566,0.532,37,59,0.627,39,130,169,68,17,18,40,52,238,0,,nurkiju01,Charlotte Hornets
156,Nick Richards,27.0,21,9,440,64,114,0.561,0,1,0.0,64,113,0.566,0.561,59,87,0.678,51,107,158,28,7,26,33,48,187,0,,richani01,Charlotte Hornets
157,Taj Gibson,39.0,37,11,409,47,95,0.495,1,2,0.5,46,93,0.495,0.5,12,20,0.6,51,69,120,21,9,18,25,54,107,0,,gibsota01,Charlotte Hornets
158,Damion Baugh,24.0,15,2,370,42,130,0.323,12,56,0.214,30,74,0.405,0.369,13,15,0.867,14,36,50,56,15,2,31,22,109,0,,baughda01,Charlotte Hornets
159,Tre Mann,23.0,13,0,319,70,161,0.435,24,60,0.4,46,101,0.455,0.509,19,21,0.905,12,26,38,39,7,4,25,24,183,0,,manntr01,Charlotte Hornets
160,Wendell Moore Jr.,23.0,16,0,280,36,76,0.474,10,27,0.37,26,49,0.531,0.539,5,8,0.625,19,32,51,19,10,2,18,16,87,0,,moorewe01,Charlotte Hornets
161,Josh Okogie,26.0,15,6,274,38,98,0.388,16,50,0.32,22,48,0.458,0.469,41,53,0.774,13,28,41,19,27,8,15,19,133,0,,okogijo01,Charlotte Hornets
162,Isaiah Wong,24.0,20,0,265,41,105,0.39,13,33,0.394,28,72,0.389,0.452,25,34,0.735,14,18,32,28,11,0,18,21,120,0,,wongis01,Charlotte Hornets
163,Elfrid Payton,30.0,6,2,123,3,21,0.143,0,0,,3,21,0.143,0.143,0,0,,1,12,13,20,6,3,7,12,6,0,,paytoel01,Charlotte Hornets
164,Jaylen Sims,26.0,6,0,112,12,28,0.429,6,15,0.4,6,13,0.462,0.536,12,15,0.8,3,3,6,12,3,1,8,10,42,0,,simsja01,Charlotte Hornets
165,Marcus Garrett,26.0,4,0,79,11,27,0.407,3,8,0.375,8,19,0.421,0.463,3,4,0.75,1,5,6,13,3,2,6,10,28,0,,garrema01,Charlotte Hornets
166,Malachi Flynn,26.0,4,0,44,5,13,0.385,1,4,0.25,4,9,0.444,0.423,5,6,0.833,3,4,7,7,3,0,4,4,16,0,,flynnma01,Charlotte Hornets
167,Jared Rhoden,25.0,4,0,12,2,8,0.25,0,2,0.0,2,6,0.333,0.25,0,0,,2,2,4,2,1,0,1,1,4,0,,rhodeja01,Charlotte Hornets
168,Team Totals,,82,82,19753,3142,7308,0.43,1065,3143,0.339,2077,4165,0.499,0.503,1269,1621,0.783,1003,2703,3706,1994,607,368,1219,1535,8618,1,,-9999,Charlotte Hornets
169,Trae Young,26.0,76,76,2739,566,1376,0.411,218,642,0.34,348,734,0.474,0.491,491,561,0.875,36,200,236,880,91,12,355,145,1841,0,CPOY-4AS,youngtr01,Atlanta Hawks
170,Dyson Daniels,21.0,76,76,2571,455,923,0.493,80,235,0.34,375,688,0.545,0.536,83,140,0.593,124,325,449,333,229,55,155,175,1073,0,DPOY-2MIP-1DEF1,daniedy01,Atlanta Hawks
171,Onyeka Okongwu,24.0,74,40,2064,388,684,0.567,48,148,0.324,340,536,0.634,0.602,164,216,0.759,220,440,660,168,69,68,90,193,988,0,,okongon01,Atlanta Hawks
172,Zaccharie Risacher,19.0,75,73,1843,357,779,0.458,122,344,0.355,235,435,0.54,0.537,106,149,0.711,86,182,268,92,52,37,92,149,942,0,ROY-2,risacza01,Atlanta Hawks
173,Jalen Johnson,23.0,36,36,1284,271,542,0.5,44,141,0.312,227,401,0.566,0.541,94,126,0.746,62,297,359,181,56,36,106,67,680,1,,johnsja05,Atlanta Hawks
174,Clint Capela,30.0,55,41,1176,218,390,0.559,0,1,0.0,218,389,0.56,0.559,52,97,0.536,174,295,469,62,34,53,47,106,488,0,,capelca01,Atlanta Hawks
175,Vit Krejci,24.0,57,16,1153,145,292,0.497,90,206,0.437,55,86,0.64,0.651,32,45,0.711,22,134,156,147,36,26,50,105,412,0,,krejcvi01,Atlanta Hawks
176,De'Andre Hunter,27.0,37,4,1064,227,492,0.461,97,247,0.393,130,245,0.531,0.56,151,176,0.858,27,118,145,57,31,5,59,88,702,0,6MOY-4,huntede01,Atlanta Hawks
177,Garrison Mathews,28.0,47,2,830,102,257,0.397,85,218,0.39,17,39,0.436,0.562,64,78,0.821,13,74,87,60,26,15,31,81,353,0,,mathega01,Atlanta Hawks
178,Caris LeVert,30.0,26,0,692,145,301,0.482,46,136,0.338,99,165,0.6,0.558,52,72,0.722,19,77,96,75,24,14,25,51,388,0,,leverca01,Atlanta Hawks
179,Terance Mann,28.0,30,1,682,118,218,0.541,34,88,0.386,84,130,0.646,0.619,24,36,0.667,36,56,92,62,19,4,22,60,294,0,,mannte01,Atlanta Hawks
180,Georges Niang,31.0,28,2,644,120,272,0.441,76,184,0.413,44,88,0.5,0.581,23,29,0.793,13,70,83,44,11,7,34,72,339,0,,niangge01,Atlanta Hawks
181,Bogdan Bogdanović,32.0,24,0,598,83,224,0.371,44,146,0.301,39,78,0.5,0.469,30,34,0.882,12,54,66,49,20,6,37,57,240,0,,bogdabo01,Atlanta Hawks
182,Mouhamed Gueye,22.0,33,28,533,72,171,0.421,21,81,0.259,51,90,0.567,0.482,32,42,0.762,44,95,139,27,28,33,15,55,197,0,,gueyemo02,Atlanta Hawks
183,Keaton Wallace,25.0,31,5,501,65,162,0.401,27,82,0.329,38,80,0.475,0.485,11,11,1.0,7,43,50,81,28,9,33,39,168,1,,wallake01,Atlanta Hawks
184,Larry Nance Jr.,32.0,24,3,463,80,155,0.516,34,76,0.447,46,79,0.582,0.626,9,13,0.692,23,80,103,38,20,13,16,37,203,0,,nancela02,Atlanta Hawks
185,Dominick Barlow,21.0,35,4,375,60,113,0.531,7,27,0.259,53,86,0.616,0.562,21,33,0.636,35,50,85,19,9,16,5,47,148,0,,barlodo01,Atlanta Hawks
186,David Roddy,23.0,27,3,346,44,93,0.473,16,43,0.372,28,50,0.56,0.559,18,22,0.818,11,59,70,30,12,8,20,18,122,0,,roddyda01,Atlanta Hawks
187,Kobe Bufkin,21.0,10,0,124,18,47,0.383,4,19,0.211,14,28,0.5,0.426,13,18,0.722,5,16,21,17,3,2,8,9,53,0,,bufkiko01,Atlanta Hawks
188,Daeqwon Plowden,26.0,6,0,72,16,25,0.64,9,17,0.529,7,8,0.875,0.82,2,2,1.0,4,7,11,2,0,0,4,10,43,0,,plowdda01,Atlanta Hawks
189,Jacob Toppin,24.0,1,0,27,6,12,0.5,5,8,0.625,1,4,0.25,0.708,0,0,,1,3,4,2,0,0,1,0,17,0,,toppija01,Atlanta Hawks
190,Team Totals,,82,82,19781,3556,7528,0.472,1107,3089,0.358,2449,4439,0.552,0.546,1472,1900,0.775,974,2675,3649,2426,798,419,1205,1564,9691,2,,-9999,Atlanta Hawks
191,Devin Booker,28.0,75,75,2795,654,1420,0.461,183,551,0.332,471,869,0.542,0.525,432,483,0.894,76,229,305,529,67,16,220,198,1923,0,,bookede01,Phoenix Suns
192,Kevin Durant,36.0,62,62,2265,592,1124,0.527,160,372,0.43,432,752,0.574,0.598,303,361,0.839,23,351,374,263,50,77,190,104,1647,0,AS,duranke01,Phoenix Suns
193,Tyus Jones,28.0,81,58,2174,306,683,0.448,166,401,0.414,140,282,0.496,0.57,51,57,0.895,40,156,196,429,69,8,91,63,829,0,,jonesty01,Phoenix Suns
194,Royce O'Neale,31.0,75,22,1837,241,570,0.423,179,441,0.406,62,129,0.481,0.58,19,26,0.731,53,296,349,163,67,34,65,151,680,0,,onealro01,Phoenix Suns
195,Bradley Beal,31.0,53,38,1702,345,694,0.497,102,264,0.386,243,430,0.565,0.571,110,137,0.803,34,143,177,195,58,28,99,136,902,0,,bealbr01,Phoenix Suns
196,Grayson Allen,29.0,64,7,1544,219,489,0.448,149,350,0.426,70,139,0.504,0.6,93,114,0.816,34,160,194,137,54,19,75,95,680,0,,allengr01,Phoenix Suns
197,Ryan Dunn,22.0,74,44,1410,205,477,0.43,82,264,0.311,123,213,0.577,0.516,19,39,0.487,92,175,267,57,44,40,40,162,511,0,,dunnry01,Phoenix Suns
198,Mason Plumlee,34.0,74,21,1300,125,202,0.619,0,4,0.0,125,198,0.631,0.619,83,128,0.648,116,339,455,134,33,47,59,154,333,0,,plumlma01,Phoenix Suns
199,Oso Ighodaro,22.0,61,6,1045,113,187,0.604,0,2,0.0,113,185,0.611,0.604,29,50,0.58,66,156,222,71,28,29,39,102,255,0,,ighodos01,Phoenix Suns
200,Nick Richards,27.0,36,34,816,141,233,0.605,0,1,0.0,141,232,0.608,0.605,60,73,0.822,97,211,308,21,7,29,48,93,342,0,,richani01,Phoenix Suns
201,Jusuf Nurkić,30.0,25,23,592,74,163,0.454,19,59,0.322,55,104,0.529,0.512,48,69,0.696,46,183,229,47,23,16,57,78,215,0,,nurkiju01,Phoenix Suns
202,Monte Morris,29.0,45,0,571,83,195,0.426,31,86,0.36,52,109,0.477,0.505,36,42,0.857,12,55,67,73,20,3,21,23,233,0,,morrimo01,Phoenix Suns
203,Collin Gillespie,25.0,33,9,461,68,158,0.43,39,90,0.433,29,68,0.426,0.554,19,22,0.864,22,56,78,78,21,5,17,30,194,0,,gilleco01,Phoenix Suns
204,Bol Bol,25.0,36,10,448,96,183,0.525,32,93,0.344,64,90,0.711,0.612,20,26,0.769,20,84,104,22,9,25,20,20,244,0,,bolbo01,Phoenix Suns
205,Josh Okogie,26.0,25,1,351,56,114,0.491,16,42,0.381,40,72,0.556,0.561,22,32,0.688,32,40,72,14,21,10,16,28,150,0,,okogijo01,Phoenix Suns
206,Cody Martin,29.0,14,0,206,20,57,0.351,3,27,0.111,17,30,0.567,0.377,9,12,0.75,13,35,48,16,13,6,9,23,52,0,,martico01,Phoenix Suns
207,Damion Lee,32.0,25,0,144,27,74,0.365,9,37,0.243,18,37,0.486,0.426,20,21,0.952,3,17,20,11,6,0,10,6,83,0,,leeda03,Phoenix Suns
208,TyTy Washington Jr.,23.0,16,0,118,14,45,0.311,4,21,0.19,10,24,0.417,0.356,3,6,0.5,4,9,13,16,3,0,3,4,35,0,,washity02,Phoenix Suns
209,Jalen Bridges,23.0,8,0,30,2,7,0.286,2,7,0.286,0,0,,0.429,3,4,0.75,0,4,4,0,0,0,4,0,9,0,,bridgja01,Phoenix Suns
210,Vasilije Micić,31.0,5,0,21,0,0,,0,0,,0,0,,,0,0,,0,2,2,1,0,0,3,1,0,0,,micicva01,Phoenix Suns
211,Team Totals,,82,82,19830,3381,7075,0.478,1176,3112,0.378,2205,3963,0.556,0.561,1379,1702,0.81,783,2701,3484,2277,593,392,1086,1471,9317,0,,-9999,Phoenix Suns
212,Kentavious Caldwell-Pope,31.0,77,77,2279,239,544,0.439,113,330,0.342,126,214,0.589,0.543,82,95,0.863,33,136,169,136,99,34,62,136,673,0,,caldwke01,Orlando Magic
213,Franz Wagner,23.0,60,60,2023,537,1161,0.463,104,352,0.295,433,809,0.535,0.507,271,311,0.871,56,286,342,284,75,21,138,147,1449,0,,wagnefr01,Orlando Magic
214,Anthony Black,21.0,78,10,1887,262,620,0.423,62,195,0.318,200,425,0.471,0.473,150,197,0.761,52,178,230,240,86,48,139,166,736,0,,blackan01,Orlando Magic
215,Wendell Carter Jr.,25.0,68,51,1758,226,491,0.46,37,158,0.234,189,333,0.568,0.498,129,175,0.737,151,341,492,134,52,41,77,199,618,0,,cartewe01,Orlando Magic
216,Tristan Da Silva,23.0,74,38,1629,199,483,0.412,80,239,0.335,119,244,0.488,0.495,55,63,0.873,73,172,245,113,33,18,56,94,533,0,,dasiltr01,Orlando Magic
217,Paolo Banchero,22.0,46,46,1582,412,911,0.452,87,272,0.32,325,639,0.509,0.5,280,385,0.727,51,294,345,219,36,28,136,97,1191,0,,banchpa01,Orlando Magic
218,Goga Bitadze,25.0,70,42,1430,207,339,0.611,3,28,0.107,204,311,0.656,0.615,85,133,0.639,167,296,463,137,49,98,72,150,502,0,,bitadgo01,Orlando Magic
219,Cole Anthony,24.0,67,22,1234,230,543,0.424,77,218,0.353,153,325,0.471,0.494,93,113,0.823,46,158,204,191,45,32,103,151,630,0,,anthoco01,Orlando Magic
220,Jonathan Isaac,27.0,71,1,1090,134,324,0.414,39,151,0.258,95,173,0.549,0.474,73,107,0.682,120,194,314,40,61,80,33,90,380,0,,isaacjo01,Orlando Magic
221,Jalen Suggs,23.0,35,35,1002,197,481,0.41,76,242,0.314,121,239,0.506,0.489,97,110,0.882,23,118,141,129,51,33,102,98,567,0,,suggsja01,Orlando Magic
222,Caleb Houstan,22.0,58,6,788,80,190,0.421,64,160,0.4,16,30,0.533,0.589,15,17,0.882,19,56,75,35,22,6,13,62,239,0,,houstca01,Orlando Magic
223,Gary Harris,30.0,48,3,711,51,133,0.383,36,101,0.356,15,32,0.469,0.519,7,12,0.583,20,44,64,30,26,12,17,45,145,0,,harriga01,Orlando Magic
224,Jett Howard,21.0,60,0,701,98,262,0.374,55,186,0.296,43,76,0.566,0.479,16,23,0.696,20,50,70,44,13,11,36,68,267,0,,howarje01,Orlando Magic
225,Cory Joseph,33.0,50,16,612,62,154,0.403,39,107,0.364,23,47,0.489,0.529,14,18,0.778,17,57,74,72,26,4,18,50,177,0,,josepco01,Orlando Magic
226,Moritz Wagner,27.0,30,1,564,140,249,0.562,27,75,0.36,113,174,0.649,0.616,79,110,0.718,40,108,148,42,24,12,49,55,386,0,,wagnemo01,Orlando Magic
227,Trevelin Queen,27.0,31,2,430,56,147,0.381,22,77,0.286,34,70,0.486,0.456,18,21,0.857,26,28,54,38,31,10,22,38,152,0,,queentr01,Orlando Magic
228,Mac McClung,26.0,2,0,10,0,2,0.0,0,1,0.0,0,1,0.0,0.0,0,0,,0,1,1,3,0,0,0,2,0,0,,mccluma01,Orlando Magic
229,Team Totals,,82,82,19730,3130,7034,0.445,921,2892,0.318,2209,4142,0.533,0.51,1464,1890,0.775,914,2517,3431,1887,729,488,1073,1648,8645,0,,-9999,Orlando Magic
230,Scottie Barnes,23.0,65,65,2134,474,1063,0.446,76,280,0.271,398,783,0.508,0.482,228,302,0.755,109,393,502,378,93,63,185,113,1252,1,,barnesc01,Toronto Raptors
231,RJ Barrett,24.0,58,58,1869,460,982,0.468,107,306,0.35,353,676,0.522,0.523,196,311,0.63,61,305,366,314,46,17,165,137,1223,2,,barrerj01,Toronto Raptors
232,Ochai Agbaji,24.0,64,45,1739,266,534,0.498,101,253,0.399,165,281,0.587,0.593,34,48,0.708,61,181,242,98,58,30,54,125,667,0,,agbajoc01,Toronto Raptors
233,Jakob Poeltl,29.0,57,56,1686,363,579,0.627,1,3,0.333,362,576,0.628,0.628,97,144,0.674,189,358,547,158,66,71,111,176,824,0,,poeltja01,Toronto Raptors
234,Gradey Dick,21.0,54,54,1587,265,647,0.41,114,326,0.35,151,321,0.47,0.498,133,155,0.858,44,149,193,98,48,10,83,120,777,0,,dickgr01,Toronto Raptors
235,Jamal Shead,22.0,75,11,1467,204,504,0.405,72,223,0.323,132,281,0.47,0.476,53,69,0.768,30,85,115,316,58,10,117,158,533,0,,sheadja01,Toronto Raptors
236,Jonathan Mogbo,23.0,63,18,1286,156,356,0.438,17,70,0.243,139,286,0.486,0.462,60,82,0.732,109,202,311,146,55,34,70,136,389,1,,mogbojo01,Toronto Raptors
237,Ja'Kobe Walter,20.0,52,18,1103,159,393,0.405,65,186,0.349,94,207,0.454,0.487,66,83,0.795,59,101,160,81,43,10,50,95,449,0,,walteja01,Toronto Raptors
238,Davion Mitchell,26.0,44,22,1080,106,244,0.434,42,117,0.359,64,127,0.504,0.52,25,37,0.676,16,69,85,203,31,8,78,116,279,0,,mitchda01,Toronto Raptors
239,Jamison Battle,23.0,59,10,1042,149,347,0.429,105,259,0.405,44,88,0.5,0.581,16,18,0.889,37,121,158,53,17,10,27,92,419,0,,battlja01,Toronto Raptors
240,Immanuel Quickley,25.0,33,33,918,184,438,0.42,85,225,0.378,99,213,0.465,0.517,111,128,0.867,16,101,117,191,23,4,58,61,564,0,,quickim01,Toronto Raptors
241,Chris Boucher,32.0,50,0,862,182,370,0.492,70,193,0.363,112,177,0.633,0.586,68,87,0.782,70,154,224,33,24,25,29,68,502,0,,bouchch01,Toronto Raptors
242,Orlando Robinson,24.0,35,8,713,109,244,0.447,16,47,0.34,93,197,0.472,0.48,50,63,0.794,86,120,206,68,14,15,45,94,284,0,,robinor01,Toronto Raptors
243,A.J. Lawson,24.0,26,2,486,80,190,0.421,33,101,0.327,47,89,0.528,0.508,43,63,0.683,20,66,86,31,13,6,15,44,236,0,,lawsoaj01,Toronto Raptors
244,Kelly Olynyk,33.0,24,2,383,59,118,0.5,19,43,0.442,40,75,0.533,0.581,34,43,0.791,25,64,89,56,16,8,35,59,171,0,,olynyke01,Toronto Raptors
245,Bruce Brown,28.0,18,0,353,57,131,0.435,11,36,0.306,46,95,0.484,0.477,26,29,0.897,17,51,68,28,17,3,19,26,151,0,,brownbr01,Toronto Raptors
246,Colin Castleton,24.0,11,4,288,32,64,0.5,2,8,0.25,30,56,0.536,0.516,13,18,0.722,34,42,76,18,6,8,21,32,79,0,,castlco01,Toronto Raptors
247,Garrett Temple,38.0,28,0,227,18,60,0.3,6,28,0.214,12,32,0.375,0.35,11,12,0.917,9,20,29,31,17,2,10,23,53,0,,templga01,Toronto Raptors
248,Jared Rhoden,25.0,10,2,215,40,79,0.506,12,37,0.324,28,42,0.667,0.582,22,25,0.88,12,26,38,14,9,2,8,19,114,0,,rhodeja01,Toronto Raptors
249,Cole Swider,25.0,8,0,156,22,58,0.379,15,42,0.357,7,16,0.438,0.509,0,1,0.0,5,20,25,2,4,2,4,11,59,0,,swideco01,Toronto Raptors
250,Bruno Fernando,26.0,17,2,147,26,49,0.531,0,0,,26,49,0.531,0.531,6,8,0.75,21,30,51,18,4,9,14,27,58,0,,fernabr01,Toronto Raptors
251,D.J. Carton,24.0,4,0,33,1,7,0.143,0,3,0.0,1,4,0.25,0.143,1,1,1.0,0,4,4,3,2,0,4,1,3,0,,cartodj01,Toronto Raptors
252,Ulrich Chomche,19.0,7,0,32,2,5,0.4,0,0,,2,5,0.4,0.4,1,2,0.5,4,4,8,2,0,1,2,5,5,0,,chomcul01,Toronto Raptors
253,Team Totals,,82,82,19806,3414,7462,0.458,969,2786,0.348,2445,4676,0.523,0.522,1294,1729,0.748,1034,2666,3700,2340,664,348,1204,1738,9091,4,,-9999,Toronto Raptors
254,Tyler Herro,25.0,77,77,2725,651,1378,0.472,251,670,0.375,400,708,0.565,0.563,287,327,0.878,35,364,399,424,69,17,198,85,1840,0,AS,herroty01,Miami Heat
255,Bam Adebayo,27.0,78,78,2674,540,1113,0.485,79,221,0.357,461,892,0.517,0.521,251,328,0.765,185,564,749,337,98,53,161,162,1410,1,DPOY-10,adebaba01,Miami Heat
256,Haywood Highsmith,28.0,74,42,1818,179,391,0.458,89,233,0.382,90,158,0.57,0.572,31,43,0.721,72,180,252,112,68,37,54,164,478,0,,highsha01,Miami Heat
257,Duncan Robinson,30.0,74,37,1785,290,663,0.437,190,483,0.393,100,180,0.556,0.581,47,53,0.887,18,149,167,176,40,6,86,135,817,0,,robindu01,Miami Heat
258,Terry Rozier,30.0,64,23,1658,248,635,0.391,91,308,0.295,157,327,0.48,0.462,92,108,0.852,44,194,238,167,37,14,78,73,679,0,,roziete01,Miami Heat
259,Kel'el Ware,20.0,64,36,1422,257,464,0.554,35,111,0.315,222,353,0.629,0.592,46,67,0.687,116,357,473,60,39,71,57,111,595,0,ROY-6,wareke01,Miami Heat
260,Jaime Jaquez Jr.,23.0,66,17,1368,213,462,0.461,37,119,0.311,176,343,0.513,0.501,107,142,0.754,84,206,290,166,61,14,98,81,570,1,,jaqueja01,Miami Heat
261,Nikola Jović,21.0,46,10,1156,172,377,0.456,78,210,0.371,94,167,0.563,0.56,72,87,0.828,26,154,180,131,38,13,60,82,494,0,,jovicni01,Miami Heat
262,Davion Mitchell,26.0,30,15,947,117,232,0.504,42,94,0.447,75,138,0.543,0.595,33,47,0.702,19,63,82,160,41,8,50,69,309,0,,mitchda01,Miami Heat
263,Alec Burks,33.0,49,14,863,115,271,0.424,88,207,0.425,27,64,0.422,0.587,38,49,0.776,15,109,124,55,28,7,29,37,356,0,,burksal01,Miami Heat
264,Pelle Larsson,23.0,55,8,782,89,203,0.438,32,95,0.337,57,108,0.528,0.517,41,61,0.672,28,64,92,65,32,7,24,91,251,0,,larsspe01,Miami Heat
265,Jimmy Butler,35.0,25,25,766,142,263,0.54,13,36,0.361,129,227,0.568,0.565,129,161,0.801,55,76,131,120,27,10,30,23,426,1,,butleji01,Miami Heat
266,Andrew Wiggins,29.0,17,17,546,115,251,0.458,36,100,0.36,79,151,0.523,0.53,57,78,0.731,23,49,72,56,20,17,43,31,323,0,,wiggian01,Miami Heat
267,Kyle Anderson,31.0,25,1,461,66,134,0.493,6,18,0.333,60,116,0.517,0.515,30,38,0.789,26,70,96,64,14,13,17,41,168,0,,anderky01,Miami Heat
268,Dru Smith,27.0,14,1,268,31,61,0.508,16,30,0.533,15,31,0.484,0.639,9,12,0.75,12,24,36,23,21,6,17,30,87,0,,smithdr01,Miami Heat
269,Kevin Love,36.0,23,9,251,41,115,0.357,24,67,0.358,17,48,0.354,0.461,16,23,0.696,22,72,94,22,15,4,14,21,122,0,,loveke01,Miami Heat
270,Josh Richardson,31.0,8,0,150,11,38,0.289,6,22,0.273,5,16,0.313,0.368,4,4,1.0,6,6,12,12,8,1,8,17,32,0,,richajo01,Miami Heat
271,Thomas Bryant,27.0,10,0,115,12,28,0.429,6,17,0.353,6,11,0.545,0.536,11,11,1.0,6,26,32,4,1,9,2,9,41,0,,bryanth01,Miami Heat
272,Keshad Johnson,23.0,16,0,98,18,26,0.692,3,7,0.429,15,19,0.789,0.75,4,9,0.444,6,22,28,4,5,4,4,11,43,0,,johnske10,Miami Heat
273,Josh Christopher,23.0,14,0,69,11,31,0.355,2,11,0.182,9,20,0.45,0.387,4,6,0.667,0,9,9,8,5,3,6,2,28,0,,chrisjo01,Miami Heat
274,Isaiah Stevens,24.0,3,0,6,0,2,0.0,0,1,0.0,0,1,0.0,0.0,0,0,,0,2,2,0,1,0,0,0,0,0,,steveis01,Miami Heat
275,Team Totals,,82,82,19928,3318,7138,0.465,1124,3060,0.367,2194,4078,0.538,0.544,1309,1654,0.791,798,2760,3558,2166,668,314,1036,1275,9069,3,,-9999,Miami Heat
276,Jaren Jackson Jr.,25.0,74,74,2207,592,1213,0.488,146,389,0.375,446,824,0.541,0.548,311,398,0.781,91,326,417,148,92,113,153,257,1641,0,DPOY-7ASDEF2,jacksja02,Memphis Grizzlies
277,Desmond Bane,26.0,69,68,2205,493,1018,0.484,164,418,0.392,329,600,0.548,0.565,177,198,0.894,62,356,418,369,80,28,169,164,1327,1,,banede01,Memphis Grizzlies
278,Jaylen Wells,21.0,79,74,2043,287,676,0.425,138,392,0.352,149,284,0.525,0.527,111,135,0.822,87,181,268,135,44,8,69,146,823,0,ROY-3,wellsja01,Memphis Grizzlies
279,Scotty Pippen Jr.,24.0,79,21,1683,285,594,0.48,87,219,0.397,198,375,0.528,0.553,122,171,0.713,65,194,259,347,103,30,138,203,779,1,,pippesc02,Memphis Grizzlies
280,Santi Aldama,24.0,65,16,1660,313,648,0.483,120,326,0.368,193,322,0.599,0.576,65,94,0.691,94,322,416,188,52,29,71,76,811,0,,aldamsa01,Memphis Grizzlies
281,Ja Morant,25.0,50,50,1519,404,889,0.454,88,285,0.309,316,604,0.523,0.504,263,319,0.824,34,171,205,364,61,12,185,113,1159,1,,moranja01,Memphis Grizzlies
282,Luke Kennard,28.0,65,11,1472,206,431,0.478,113,261,0.433,93,170,0.547,0.609,51,57,0.895,37,146,183,215,50,5,72,59,576,0,,kennalu01,Memphis Grizzlies
283,Zach Edey,22.0,66,55,1416,251,433,0.58,18,52,0.346,233,381,0.612,0.6,90,127,0.709,232,316,548,65,36,85,88,182,610,0,ROY-5,edeyza01,Memphis Grizzlies
284,Brandon Clarke,28.0,64,18,1207,236,380,0.621,1,17,0.059,235,363,0.647,0.622,61,87,0.701,127,199,326,66,52,36,41,145,534,0,,clarkbr01,Memphis Grizzlies
285,Jake LaRavia,23.0,47,0,982,118,241,0.49,40,90,0.444,78,151,0.517,0.573,67,96,0.698,67,138,205,133,44,20,69,92,343,0,,laravja01,Memphis Grizzlies
286,Jay Huff,26.0,64,2,748,157,305,0.515,81,200,0.405,76,105,0.724,0.648,44,56,0.786,30,99,129,38,16,56,34,78,439,0,,huffja01,Memphis Grizzlies
287,John Konchar,28.0,46,4,558,41,91,0.451,23,62,0.371,18,29,0.621,0.577,7,8,0.875,37,114,151,42,30,14,16,32,112,0,,konchjo01,Memphis Grizzlies
288,Vince Williams Jr.,24.0,27,5,499,67,167,0.401,26,95,0.274,41,72,0.569,0.479,19,24,0.792,22,76,98,55,12,7,33,45,179,0,,willivi01,Memphis Grizzlies
289,GG Jackson II,20.0,29,3,459,74,199,0.372,32,95,0.337,42,104,0.404,0.452,29,40,0.725,27,65,92,29,12,5,31,30,209,0,,jacksgg01,Memphis Grizzlies
290,Marcus Smart,30.0,19,6,400,53,148,0.358,29,90,0.322,24,58,0.414,0.456,30,36,0.833,14,29,43,71,23,6,35,31,165,0,,smartma01,Memphis Grizzlies
291,Cam Spencer,24.0,25,1,252,34,82,0.415,19,52,0.365,15,30,0.5,0.53,19,19,1.0,12,18,30,34,9,1,6,23,106,0,,spencca01,Memphis Grizzlies
292,Lamar Stevens,27.0,17,1,155,29,63,0.46,8,27,0.296,21,36,0.583,0.524,8,11,0.727,4,34,38,8,5,3,10,15,74,0,,stevela01,Memphis Grizzlies
293,Marvin Bagley III,25.0,12,1,99,17,35,0.486,1,9,0.111,16,26,0.615,0.5,8,12,0.667,11,17,28,4,2,3,1,6,43,0,,baglema01,Memphis Grizzlies
294,Yuki Kawamura,23.0,22,0,93,11,30,0.367,7,23,0.304,4,7,0.571,0.483,7,9,0.778,0,12,12,19,2,0,5,8,36,0,,kawamyu01,Memphis Grizzlies
295,Colin Castleton,24.0,10,0,46,2,10,0.2,0,4,0.0,2,6,0.333,0.2,10,11,0.909,3,6,9,0,1,1,1,6,14,0,,castlco01,Memphis Grizzlies
296,Zyon Pullin,23.0,3,0,3,0,1,0.0,0,0,,0,1,0.0,0.0,0,0,,0,0,0,0,0,0,0,0,0,0,,pullizy01,Memphis Grizzlies
297,Team Totals,,82,82,19706,3670,7654,0.479,1141,3106,0.367,2529,4548,0.556,0.554,1499,1908,0.786,1056,2819,3875,2330,726,462,1227,1711,9980,3,,-9999,Memphis Grizzlies
298,Jayson Tatum,26.0,72,72,2624,662,1465,0.452,250,728,0.343,412,737,0.559,0.537,358,440,0.814,48,575,623,431,76,38,209,157,1932,2,MVP-4CPOY-10ASNBA1,tatumja01,Boston Celtics
299,Derrick White,30.0,76,76,2574,424,959,0.442,265,691,0.384,159,268,0.593,0.58,135,161,0.839,67,274,341,361,72,80,131,138,1248,0,DPOY-10,whitede01,Boston Celtics
300,Payton Pritchard,27.0,80,3,2271,409,866,0.472,255,626,0.407,154,240,0.642,0.62,71,84,0.845,102,205,307,279,70,14,83,118,1144,0,6MOY-1,pritcpa01,Boston Celtics
301,Jaylen Brown,28.0,63,63,2158,518,1118,0.463,116,358,0.324,402,760,0.529,0.515,246,322,0.764,82,286,368,286,73,19,162,154,1398,0,AS,brownja02,Boston Celtics
302,Jrue Holiday,34.0,62,62,1896,254,573,0.443,108,306,0.353,146,267,0.547,0.538,70,77,0.909,76,189,265,239,66,27,77,101,686,0,,holidjr01,Boston Celtics
303,Al Horford,38.0,60,42,1659,195,461,0.423,114,314,0.363,81,147,0.551,0.547,34,38,0.895,79,290,369,128,36,51,46,81,538,0,,horfoal01,Boston Celtics
304,Sam Hauser,27.0,71,19,1541,214,474,0.451,166,399,0.416,48,75,0.64,0.627,11,11,1.0,44,180,224,64,41,13,23,87,605,0,,hausesa01,Boston Celtics
305,Luke Kornet,29.0,73,16,1361,187,280,0.668,0,3,0.0,187,277,0.675,0.668,67,97,0.691,190,198,388,117,36,71,31,119,441,0,,kornelu01,Boston Celtics
306,Kristaps Porziņģis,29.0,42,42,1210,277,574,0.483,103,250,0.412,174,324,0.537,0.572,161,199,0.809,68,216,284,87,31,63,53,116,818,0,,porzikr01,Boston Celtics
307,Neemias Queta,25.0,62,6,863,132,203,0.65,0,3,0.0,132,200,0.66,0.65,46,61,0.754,89,147,236,45,18,42,40,106,310,0,,quetane01,Boston Celtics
308,Jordan Walsh,20.0,52,1,403,30,83,0.361,15,55,0.273,15,28,0.536,0.452,7,12,0.583,23,46,69,19,12,11,17,30,82,0,,walshjo01,Boston Celtics
309,Baylor Scheierman,24.0,31,2,384,39,110,0.355,26,82,0.317,13,28,0.464,0.473,9,12,0.75,19,46,65,33,17,2,12,22,113,0,,scheiba01,Boston Celtics
310,Xavier Tillman Sr.,26.0,33,2,231,13,53,0.245,5,32,0.156,8,21,0.381,0.292,3,4,0.75,10,33,43,7,11,5,14,18,34,0,,tillmxa01,Boston Celtics
311,Torrey Craig,34.0,17,3,201,16,45,0.356,9,31,0.29,7,14,0.5,0.456,5,8,0.625,19,29,48,12,6,11,8,19,46,0,,craigto01,Boston Celtics
312,Drew Peterson,25.0,25,1,186,17,41,0.415,13,33,0.394,4,8,0.5,0.573,7,9,0.778,9,31,40,13,5,2,8,18,54,0,,peterdr01,Boston Celtics
313,Jaden Springer,22.0,26,0,141,12,34,0.353,6,19,0.316,6,15,0.4,0.441,15,21,0.714,4,20,24,10,12,1,4,17,45,0,,sprinja01,Boston Celtics
314,JD Davison,22.0,16,0,93,12,34,0.353,4,18,0.222,8,16,0.5,0.412,5,7,0.714,2,11,13,13,5,1,13,2,33,0,,davisjd01,Boston Celtics
315,Miles Norris,24.0,3,0,35,2,9,0.222,2,7,0.286,0,2,0.0,0.333,1,2,0.5,2,7,9,0,2,1,0,0,7,0,,norrimi01,Boston Celtics
316,Team Totals,,82,82,19831,3413,7382,0.462,1457,3955,0.368,1956,3427,0.571,0.561,1251,1565,0.799,933,2783,3716,2144,589,452,931,1303,9534,2,,-9999,Boston Celtics
317,Cade Cunningham,23.0,70,70,2452,684,1457,0.469,149,418,0.356,535,1039,0.515,0.521,313,370,0.846,56,369,425,638,71,53,309,195,1830,9,MVP-7ASNBA3,cunnica01,Detroit Pistons
318,Tobias Harris,32.0,73,73,2305,384,805,0.477,91,264,0.345,293,541,0.542,0.534,143,166,0.861,65,367,432,162,74,57,85,138,1002,0,,harrito02,Detroit Pistons
319,Malik Beasley,28.0,82,18,2283,461,1071,0.43,319,766,0.416,142,305,0.466,0.579,95,140,0.679,47,167,214,139,73,5,83,125,1336,0,6MOY-2,beaslma01,Detroit Pistons
320,Tim Hardaway Jr.,32.0,77,77,2153,276,680,0.406,168,457,0.368,108,223,0.484,0.529,124,145,0.855,18,165,183,123,38,7,48,96,844,0,,hardati02,Detroit Pistons
321,Jalen Duren,21.0,78,78,2034,378,546,0.692,0,0,,378,546,0.692,0.692,162,242,0.669,277,530,807,209,54,89,136,251,918,0,,durenja01,Detroit Pistons
322,Isaiah Stewart,23.0,72,4,1434,176,315,0.559,17,53,0.321,159,262,0.607,0.586,66,87,0.759,130,269,399,123,28,101,68,183,435,0,,stewais01,Detroit Pistons
323,Ausar Thompson,22.0,59,48,1328,246,460,0.535,11,49,0.224,235,411,0.572,0.547,91,142,0.641,111,192,303,134,98,40,80,164,594,0,,thompau01,Detroit Pistons
324,Ron Holland,19.0,81,2,1266,197,416,0.474,36,151,0.238,161,265,0.608,0.517,92,122,0.754,40,178,218,82,49,17,72,141,522,0,,hollaro01,Detroit Pistons
325,Simone Fontecchio,29.0,75,0,1237,150,373,0.402,76,227,0.335,74,146,0.507,0.504,70,84,0.833,52,163,215,65,31,12,54,95,446,0,,fontesi01,Detroit Pistons
326,Jaden Ivey,22.0,30,30,898,190,413,0.46,63,154,0.409,127,259,0.49,0.536,85,116,0.733,40,84,124,119,28,11,89,67,528,0,,iveyja01,Detroit Pistons
327,Marcus Sasser,24.0,57,1,811,137,296,0.463,58,152,0.382,79,144,0.549,0.561,43,51,0.843,18,51,69,133,37,4,54,72,375,0,,sassema01,Detroit Pistons
328,Dennis Schröder,31.0,28,8,705,95,251,0.378,32,106,0.302,63,145,0.434,0.442,80,96,0.833,13,61,74,147,15,5,35,57,302,0,,schrode01,Detroit Pistons
329,Paul Reed,25.0,45,0,438,72,142,0.507,8,28,0.286,64,114,0.561,0.535,32,42,0.762,40,83,123,44,39,25,26,75,184,0,,reedpa01,Detroit Pistons
330,Wendell Moore Jr.,23.0,20,1,219,23,50,0.46,4,14,0.286,19,36,0.528,0.5,13,14,0.929,11,33,44,23,10,3,9,15,63,0,,moorewe01,Detroit Pistons
331,Lindy Waters III,27.0,14,0,123,16,44,0.364,15,38,0.395,1,6,0.167,0.534,0,0,,4,10,14,10,5,1,3,7,47,0,,waterli01,Detroit Pistons
332,Bobi Klintman,21.0,8,0,42,6,10,0.6,2,5,0.4,4,5,0.8,0.7,1,2,0.5,1,6,7,7,2,1,1,8,15,0,,klintbo01,Detroit Pistons
333,Daniss Jenkins,23.0,7,0,23,3,10,0.3,1,7,0.143,2,3,0.667,0.35,0,2,0.0,0,2,2,3,0,0,1,2,7,0,,jenkida01,Detroit Pistons
334,Tolu Smith,24.0,1,0,22,6,9,0.667,0,0,,6,9,0.667,0.667,2,3,0.667,4,4,8,0,0,0,2,3,14,0,,smithto05,Detroit Pistons
335,Ron Harper Jr.,24.0,1,0,17,1,8,0.125,0,6,0.0,1,2,0.5,0.125,2,2,1.0,4,3,7,2,0,0,0,0,4,0,,harpero02,Detroit Pistons
336,Cole Swider,25.0,2,0,13,0,5,0.0,0,5,0.0,0,0,,0.0,0,0,,0,2,2,1,0,0,0,1,0,0,,swideco01,Detroit Pistons
337,Alondes Williams,25.0,1,0,4,2,2,1.0,1,1,1.0,1,1,1.0,1.25,0,0,,0,0,0,1,0,0,0,0,5,0,,willial06,Detroit Pistons
338,Team Totals,,82,82,19807,3503,7363,0.476,1051,2901,0.362,2452,4462,0.55,0.547,1414,1826,0.774,931,2739,3670,2165,652,431,1155,1695,9471,9,,-9999,Detroit Pistons
339,Brook Lopez,36.0,80,80,2546,394,774,0.509,139,373,0.373,255,401,0.636,0.599,114,138,0.826,113,288,401,143,50,148,84,171,1041,0,,lopezbr01,Milwaukee Bucks
340,Giannis Antetokounmpo,30.0,67,67,2289,793,1319,0.601,14,63,0.222,779,1256,0.62,0.607,436,707,0.617,147,651,798,433,58,78,206,155,2036,11,MVP-3DPOY-8ASNBA1,antetgi01,Milwaukee Bucks
341,Taurean Prince,30.0,80,73,2166,235,514,0.457,147,335,0.439,88,179,0.492,0.6,39,48,0.813,34,253,287,155,76,15,82,165,656,0,,princta02,Milwaukee Bucks
342,Damian Lillard,34.0,58,58,2093,444,992,0.448,197,524,0.376,247,468,0.528,0.547,362,393,0.921,29,243,272,410,70,10,162,97,1447,2,AS,lillada01,Milwaukee Bucks
343,Gary Trent Jr.,26.0,74,9,1893,283,657,0.431,180,433,0.416,103,224,0.46,0.568,78,92,0.848,20,148,168,87,72,4,42,124,824,0,,trentga02,Milwaukee Bucks
344,A.J. Green,25.0,73,7,1659,182,424,0.429,155,363,0.427,27,61,0.443,0.612,22,27,0.815,18,156,174,108,37,7,40,157,541,0,,greenaj01,Milwaukee Bucks
345,Bobby Portis,29.0,49,7,1244,277,595,0.466,65,178,0.365,212,417,0.508,0.52,61,73,0.836,90,321,411,104,35,26,57,94,680,0,,portibo01,Milwaukee Bucks
346,Kyle Kuzma,29.0,33,32,1049,179,393,0.455,51,153,0.333,128,240,0.533,0.52,69,104,0.663,27,158,185,73,16,12,73,67,478,0,,kuzmaky01,Milwaukee Bucks
347,Andre Jackson Jr.,23.0,67,43,980,94,197,0.477,30,76,0.395,64,121,0.529,0.553,12,24,0.5,65,117,182,83,34,14,58,114,230,0,,jacksan01,Milwaukee Bucks
348,Ryan Rollins,22.0,56,19,820,132,271,0.487,49,120,0.408,83,151,0.55,0.577,36,45,0.8,21,87,108,104,42,17,53,88,349,0,,rolliry01,Milwaukee Bucks
349,Pat Connaughton,32.0,41,1,603,83,177,0.469,26,81,0.321,57,96,0.594,0.542,24,31,0.774,19,90,109,70,9,11,24,45,216,0,,connapa01,Milwaukee Bucks
350,Kevin Porter Jr.,24.0,30,2,598,121,245,0.494,29,71,0.408,92,174,0.529,0.553,81,93,0.871,13,105,118,112,38,2,52,49,352,1,,porteke02,Milwaukee Bucks
351,Khris Middleton,33.0,23,7,534,108,211,0.512,35,86,0.407,73,125,0.584,0.595,39,46,0.848,5,80,85,102,17,5,37,52,290,0,,middlkh01,Milwaukee Bucks
352,Delon Wright,32.0,26,2,405,22,82,0.268,12,49,0.245,10,33,0.303,0.341,9,16,0.563,15,31,46,48,23,9,14,17,65,0,,wrighde01,Milwaukee Bucks
353,Jericho Sims,26.0,14,0,210,17,25,0.68,0,0,,17,25,0.68,0.68,0,0,,20,48,68,11,2,9,12,19,34,0,,simsje01,Milwaukee Bucks
354,Tyler Smith,20.0,23,0,122,24,50,0.48,13,30,0.433,11,20,0.55,0.61,6,8,0.75,6,19,25,4,3,4,8,11,67,0,,smithty02,Milwaukee Bucks
355,MarJon Beauchamp,24.0,26,0,122,18,47,0.383,7,21,0.333,11,26,0.423,0.457,9,12,0.75,7,25,32,8,3,1,13,10,52,0,,beaucma01,Milwaukee Bucks
356,Chris Livingston,21.0,21,1,106,9,27,0.333,0,8,0.0,9,19,0.474,0.333,12,16,0.75,10,25,35,5,5,0,6,8,30,0,,livinch01,Milwaukee Bucks
357,Stanley Umude,25.0,22,0,86,5,26,0.192,3,15,0.2,2,11,0.182,0.25,2,4,0.5,4,13,17,4,3,6,3,8,15,0,,umudest01,Milwaukee Bucks
358,Pete Nance,24.0,6,1,70,9,17,0.529,5,12,0.417,4,5,0.8,0.676,0,0,,3,8,11,7,1,2,4,7,23,0,,nancepe01,Milwaukee Bucks
359,Jamaree Bouyea,25.0,5,1,62,6,12,0.5,1,5,0.2,5,7,0.714,0.542,4,6,0.667,1,4,5,10,4,2,8,2,17,0,,bouyeja01,Milwaukee Bucks
360,Liam Robbins,25.0,13,0,57,2,8,0.25,0,2,0.0,2,6,0.333,0.25,5,10,0.5,7,5,12,2,2,2,6,9,9,0,,robbili01,Milwaukee Bucks
361,AJ Johnson,20.0,7,0,44,8,19,0.421,3,5,0.6,5,14,0.357,0.5,1,2,0.5,0,7,7,7,1,0,4,0,20,0,,johnsaj01,Milwaukee Bucks
362,Team Totals,,82,82,19758,3445,7082,0.486,1161,3003,0.387,2284,4079,0.56,0.568,1421,1895,0.75,674,2882,3556,2090,601,384,1048,1469,9472,14,,-9999,Milwaukee Bucks
363,Shai Gilgeous-Alexander,26.0,76,76,2598,860,1656,0.519,163,435,0.375,697,1221,0.571,0.569,601,669,0.898,67,312,379,486,131,77,183,164,2484,0,MVP-1DPOY-10CPOY-8ASNBA1,gilgesh01,Oklahoma City Thunder
364,Jalen Williams,23.0,69,69,2237,565,1168,0.484,124,340,0.365,441,828,0.533,0.537,236,299,0.789,59,310,369,354,111,46,150,158,1490,0,ASNBA3DEF2,willija06,Oklahoma City Thunder
365,Luguentz Dort,25.0,71,71,2073,258,593,0.435,170,413,0.412,88,180,0.489,0.578,33,46,0.717,89,204,293,115,79,39,51,208,719,0,DPOY-4DEF1,dortlu01,Oklahoma City Thunder
366,Cason Wallace,21.0,68,43,1876,232,489,0.474,74,208,0.356,158,281,0.562,0.55,30,37,0.811,71,158,229,173,120,35,59,145,568,0,,wallaca01,Oklahoma City Thunder
367,Aaron Wiggins,26.0,76,26,1744,355,728,0.488,130,339,0.383,225,389,0.578,0.577,74,89,0.831,81,214,295,134,60,18,69,101,914,0,,wiggiaa01,Oklahoma City Thunder
368,Isaiah Joe,25.0,74,16,1604,259,588,0.44,192,466,0.412,67,122,0.549,0.604,46,56,0.821,41,155,196,119,48,9,38,113,756,0,,joeis01,Oklahoma City Thunder
369,Isaiah Hartenstein,26.0,57,53,1590,279,480,0.581,0,19,0.0,279,461,0.605,0.581,79,117,0.675,163,448,611,219,47,62,96,171,637,0,,harteis01,Oklahoma City Thunder
370,Kenrich Williams,30.0,69,7,1132,171,354,0.483,66,171,0.386,105,183,0.574,0.576,28,39,0.718,65,176,241,97,43,10,39,110,436,0,,willike04,Oklahoma City Thunder
371,Alex Caruso,30.0,54,3,1041,140,314,0.446,60,170,0.353,80,144,0.556,0.541,42,51,0.824,38,121,159,137,87,30,37,102,382,0,6MOY-8,carusal01,Oklahoma City Thunder
372,Chet Holmgren,22.0,32,32,877,167,341,0.49,44,116,0.379,123,225,0.547,0.554,101,134,0.754,48,209,257,63,23,71,56,72,479,0,,holmgch01,Oklahoma City Thunder
373,Jaylin Williams,22.0,47,9,784,97,221,0.439,61,153,0.399,36,68,0.529,0.577,23,30,0.767,48,214,262,120,22,29,35,79,278,3,,willija07,Oklahoma City Thunder
374,Ajay Mitchell,22.0,36,1,597,91,184,0.495,23,60,0.383,68,124,0.548,0.557,29,35,0.829,18,50,68,64,25,4,29,68,234,0,,mitchaj01,Oklahoma City Thunder
375,Dillon Jones,23.0,54,3,551,51,133,0.383,16,63,0.254,35,70,0.5,0.444,17,28,0.607,30,91,121,58,16,4,28,54,135,0,,jonesdi01,Oklahoma City Thunder
376,Ousmane Dieng,21.0,37,1,405,54,125,0.432,23,71,0.324,31,54,0.574,0.524,11,16,0.688,18,63,81,31,17,7,18,33,142,0,,diengou01,Oklahoma City Thunder
377,Branden Carlson,25.0,32,0,246,43,97,0.443,22,66,0.333,21,31,0.677,0.557,14,18,0.778,17,37,54,14,5,21,7,22,122,0,,carlsbr01,Oklahoma City Thunder
378,Adam Flagler,25.0,37,0,203,25,96,0.26,14,72,0.194,11,24,0.458,0.333,1,2,0.5,7,20,27,12,8,3,4,15,65,0,,flaglad01,Oklahoma City Thunder
379,Alex Ducas,24.0,21,0,125,12,30,0.4,10,21,0.476,2,9,0.222,0.567,2,2,1.0,9,17,26,5,5,0,4,12,36,0,,ducasal01,Oklahoma City Thunder
380,Malevy Leons,25.0,6,0,21,0,2,0.0,0,1,0.0,0,1,0.0,0.0,2,4,0.5,1,2,3,1,0,0,1,4,2,0,,leonsma01,Oklahoma City Thunder
381,Alex Reese,25.0,1,0,2,1,1,1.0,0,0,,1,1,1.0,1.0,0,0,,1,0,1,0,0,0,0,0,2,0,,reeseal01,Oklahoma City Thunder
382,Team Totals,,82,82,19706,3660,7600,0.482,1192,3184,0.374,2468,4416,0.559,0.56,1369,1672,0.819,871,2801,3672,2202,847,465,904,1631,9881,3,,-9999,Oklahoma City Thunder
383,Christian Braun,23.0,79,77,2675,476,821,0.58,89,224,0.397,387,597,0.648,0.634,177,214,0.827,98,312,410,205,85,37,81,170,1218,0,,braunch01,Denver Nuggets
384,Michael Porter Jr.,26.0,77,77,2593,528,1048,0.504,193,489,0.395,335,559,0.599,0.596,149,194,0.768,138,402,540,165,50,38,104,157,1398,0,,portemi01,Denver Nuggets
385,Nikola Jokić,29.0,70,70,2571,786,1364,0.576,138,331,0.417,648,1033,0.627,0.627,361,451,0.8,200,692,892,716,127,45,230,160,2071,34,MVP-2CPOY-2ASNBA1,jokicni01,Denver Nuggets
386,Jamal Murray,27.0,67,67,2418,531,1121,0.474,156,397,0.393,375,724,0.518,0.543,218,246,0.886,45,216,261,403,91,33,138,128,1436,0,,murraja01,Denver Nuggets
387,Russell Westbrook,36.0,75,36,2092,373,831,0.449,94,291,0.323,279,540,0.517,0.505,154,233,0.661,102,268,370,457,106,37,242,188,994,4,6MOY-7,westbru01,Denver Nuggets
388,Peyton Watson,22.0,68,18,1656,204,428,0.477,48,136,0.353,156,292,0.534,0.533,95,137,0.693,47,186,233,94,48,93,56,123,551,0,,watsope01,Denver Nuggets
389,Aaron Gordon,29.0,51,42,1447,264,497,0.531,75,172,0.436,189,325,0.582,0.607,145,179,0.81,80,167,247,164,23,14,73,82,748,0,,gordoaa01,Denver Nuggets
390,Julian Strawther,22.0,65,4,1384,210,486,0.432,94,269,0.349,116,217,0.535,0.529,74,90,0.822,17,125,142,83,39,16,57,151,588,0,,strawju01,Denver Nuggets
391,DeAndre Jordan,36.0,56,5,691,91,140,0.65,0,0,,91,140,0.65,0.65,27,64,0.422,84,200,284,53,16,27,40,74,209,0,,jordade01,Denver Nuggets
392,Jalen Pickett,25.0,49,4,666,77,180,0.428,40,101,0.396,37,79,0.468,0.539,6,8,0.75,15,56,71,107,19,5,24,38,200,1,,pickeja02,Denver Nuggets
393,Zeke Nnaji,24.0,57,4,608,70,141,0.496,17,52,0.327,53,89,0.596,0.557,27,44,0.614,33,57,90,23,25,38,14,62,184,0,,nnajize01,Denver Nuggets
394,Hunter Tyson,24.0,51,2,400,45,120,0.375,23,74,0.311,22,46,0.478,0.471,21,28,0.75,25,53,78,20,10,6,14,44,134,0,,tysonhu01,Denver Nuggets
395,Dario Šarić,30.0,16,4,210,21,58,0.362,7,26,0.269,14,32,0.438,0.422,7,10,0.7,14,36,50,23,7,1,15,19,56,0,,saricda01,Denver Nuggets
396,Vlatko Čančar,27.0,13,0,136,10,26,0.385,4,15,0.267,6,11,0.545,0.462,0,0,,6,26,32,9,3,2,11,10,24,0,,cancavl01,Denver Nuggets
397,Spencer Jones,23.0,20,0,125,11,34,0.324,1,17,0.059,10,17,0.588,0.338,3,3,1.0,8,9,17,5,5,5,5,17,26,0,,jonessp01,Denver Nuggets
398,Trey Alexander,21.0,24,0,117,13,41,0.317,3,17,0.176,10,24,0.417,0.354,3,4,0.75,1,11,12,11,2,1,5,10,32,0,,alexatr01,Denver Nuggets
399,PJ Hall,22.0,19,0,66,14,24,0.583,2,8,0.25,12,16,0.75,0.625,3,4,0.75,6,16,22,4,0,4,2,11,33,0,,hallpj01,Denver Nuggets
400,Team Totals,,82,82,19855,3724,7360,0.506,984,2619,0.376,2740,4741,0.578,0.573,1470,1909,0.77,919,2832,3751,2542,656,402,1111,1444,9902,39,,-9999,Denver Nuggets
401,Mikal Bridges,28.0,82,82,3036,592,1183,0.5,164,463,0.354,428,720,0.594,0.57,96,118,0.814,71,188,259,306,75,43,132,127,1444,0,,bridgmi01,New York Knicks
402,Josh Hart,29.0,77,77,2897,404,770,0.525,84,252,0.333,320,518,0.618,0.579,159,205,0.776,161,576,737,453,119,27,158,201,1051,9,,hartjo01,New York Knicks
403,OG Anunoby,27.0,74,74,2706,489,1027,0.476,171,460,0.372,318,567,0.561,0.559,183,226,0.81,97,261,358,164,110,65,102,172,1332,0,,anunoog01,New York Knicks
404,Karl-Anthony Towns,29.0,72,72,2517,639,1215,0.526,142,338,0.42,497,877,0.567,0.584,339,409,0.829,212,708,920,222,71,50,192,249,1759,1,ASNBA3,townska01,New York Knicks
405,Jalen Brunson,28.0,65,65,2301,585,1200,0.488,152,397,0.383,433,803,0.539,0.551,368,448,0.821,27,160,187,475,60,8,164,138,1690,0,MVP-10CPOY-1ASNBA2,brunsja01,New York Knicks
406,Miles McBride,24.0,64,10,1593,222,547,0.406,115,312,0.369,107,235,0.455,0.511,52,64,0.813,47,114,161,187,67,17,41,108,611,0,,mcbrimi01,New York Knicks
407,Precious Achiuwa,25.0,57,10,1170,164,327,0.502,10,36,0.278,154,291,0.529,0.517,41,69,0.594,101,216,317,55,47,42,45,81,379,0,,achiupr01,New York Knicks
408,Cameron Payne,30.0,72,5,1090,179,446,0.401,93,256,0.363,86,190,0.453,0.506,49,54,0.907,14,90,104,203,39,16,52,111,500,0,,payneca01,New York Knicks
409,Landry Shamet,27.0,50,0,762,106,230,0.461,62,156,0.397,44,74,0.595,0.596,12,18,0.667,11,50,61,27,23,2,22,52,286,0,,shamela01,New York Knicks
410,Jericho Sims,26.0,39,5,422,28,46,0.609,0,0,,28,46,0.609,0.609,8,13,0.615,51,78,129,22,8,10,21,46,64,0,,simsje01,New York Knicks
411,Tyler Kolek,23.0,41,0,296,27,82,0.329,14,47,0.298,13,35,0.371,0.415,13,17,0.765,8,19,27,70,12,4,18,26,81,0,,kolekty01,New York Knicks
412,Mitchell Robinson,26.0,17,3,290,37,56,0.661,0,0,,37,56,0.661,0.661,13,19,0.684,52,49,101,13,16,18,10,26,87,0,,robinmi01,New York Knicks
413,Delon Wright,32.0,14,5,230,23,49,0.469,8,24,0.333,15,25,0.6,0.551,6,9,0.667,12,8,20,29,12,3,8,8,60,0,,wrighde01,New York Knicks
414,Ariel Hukporti,22.0,25,1,217,21,31,0.677,0,0,,21,31,0.677,0.677,6,13,0.462,14,37,51,11,1,15,21,32,48,0,,hukpoar01,New York Knicks
415,Pacome Dadiet,19.0,18,0,111,10,31,0.323,6,19,0.316,4,12,0.333,0.419,4,6,0.667,3,15,18,5,3,2,4,7,30,0,,dadiepa01,New York Knicks
416,Matt Ryan,27.0,19,0,68,10,31,0.323,6,19,0.316,4,12,0.333,0.419,2,2,1.0,0,8,8,3,2,0,3,1,28,0,,ryanma01,New York Knicks
417,P.J. Tucker,39.0,3,1,58,3,7,0.429,3,6,0.5,0,1,0.0,0.643,0,0,,4,4,8,0,1,1,1,8,9,0,,tuckepj01,New York Knicks
418,Jacob Toppin,24.0,16,0,49,3,10,0.3,0,2,0.0,3,8,0.375,0.3,0,0,,2,9,11,4,2,0,2,3,6,0,,toppija01,New York Knicks
419,Kevin McCullar Jr.,23.0,4,0,29,2,7,0.286,0,1,0.0,2,6,0.333,0.286,2,2,1.0,0,8,8,2,1,1,0,6,6,0,,mcculke01,New York Knicks
420,Anton Watson,24.0,9,0,22,4,9,0.444,0,1,0.0,4,8,0.5,0.444,0,0,,1,2,3,2,1,0,2,3,8,0,,watsoan02,New York Knicks
421,MarJon Beauchamp,24.0,6,0,17,5,11,0.455,1,5,0.2,4,6,0.667,0.5,4,4,1.0,2,7,9,1,1,0,1,2,15,0,,beaucma01,New York Knicks
422,Team Totals,,82,82,19881,3553,7315,0.486,1031,2794,0.369,2522,4521,0.558,0.556,1357,1696,0.8,890,2607,3497,2254,671,324,999,1407,9494,10,,-9999,New York Knicks
423,Spencer Dinwiddie,31.0,79,30,2136,284,682,0.416,109,326,0.334,175,356,0.492,0.496,195,243,0.802,18,191,209,349,70,17,102,121,872,0,,dinwisp01,Dallas Mavericks
424,Klay Thompson,34.0,72,72,1965,361,877,0.412,216,553,0.391,145,324,0.448,0.535,67,74,0.905,44,202,246,145,50,30,88,81,1005,0,,thompkl01,Dallas Mavericks
425,Naji Marshall,27.0,69,31,1919,362,712,0.508,60,218,0.275,302,494,0.611,0.551,130,160,0.813,76,252,328,208,70,11,112,109,914,0,,marshna01,Dallas Mavericks
426,P.J. Washington,26.0,57,56,1835,301,665,0.453,91,239,0.381,210,426,0.493,0.521,143,198,0.722,82,360,442,131,63,60,118,131,836,0,,washipj01,Dallas Mavericks
427,Kyrie Irving,32.0,50,50,1804,447,945,0.473,144,359,0.401,303,586,0.517,0.549,196,214,0.916,60,180,240,231,66,23,111,101,1234,0,CPOY-10AS,irvinky01,Dallas Mavericks
428,Daniel Gafford,26.0,57,31,1226,283,403,0.702,0,0,,283,403,0.702,0.702,135,196,0.689,155,233,388,80,23,102,66,152,701,0,,gaffoda01,Dallas Mavericks
429,Quentin Grimes,24.0,47,12,1070,169,365,0.463,80,201,0.398,89,164,0.543,0.573,62,81,0.765,30,149,179,101,32,10,61,78,480,0,,grimequ01,Dallas Mavericks
430,Max Christie,21.0,32,11,973,124,302,0.411,55,151,0.364,69,151,0.457,0.502,56,65,0.862,13,122,135,80,29,10,49,42,359,0,,chrisma02,Dallas Mavericks
431,Jaden Hardy,22.0,57,3,907,180,414,0.435,76,197,0.386,104,217,0.479,0.527,60,86,0.698,9,80,89,81,28,5,82,90,496,0,,hardyja02,Dallas Mavericks
432,Dereck Lively II,20.0,36,29,833,134,191,0.702,0,0,,134,191,0.702,0.702,46,73,0.63,104,166,270,85,20,56,41,100,314,0,,livelde01,Dallas Mavericks
433,Luka Dončić,25.0,22,22,785,216,466,0.464,75,212,0.354,141,254,0.555,0.544,112,146,0.767,16,167,183,172,44,9,75,58,619,3,,doncilu01,Dallas Mavericks
434,Maxi Kleber,33.0,34,4,637,37,96,0.385,13,49,0.265,24,47,0.511,0.453,16,21,0.762,25,70,95,43,9,17,23,66,103,0,,klebima01,Dallas Mavericks
435,Kessler Edwards,24.0,40,18,608,67,135,0.496,22,54,0.407,45,81,0.556,0.578,12,13,0.923,22,93,115,42,19,20,16,62,168,0,,edwarke02,Dallas Mavericks
436,Olivier-Maxence Prosper,22.0,52,4,584,70,174,0.402,12,51,0.235,58,123,0.472,0.437,49,76,0.645,44,82,126,40,26,6,14,28,201,0,,prospol01,Dallas Mavericks
437,Dwight Powell,33.0,55,3,551,42,61,0.689,2,5,0.4,40,56,0.714,0.705,28,43,0.651,47,71,118,55,18,21,18,75,114,0,,poweldw01,Dallas Mavericks
438,Brandon Williams,25.0,33,3,487,98,188,0.521,24,60,0.4,74,128,0.578,0.585,55,66,0.833,12,46,58,76,24,5,39,33,275,0,,willibr03,Dallas Mavericks
439,Dante Exum,29.0,20,13,372,64,134,0.478,23,53,0.434,41,81,0.506,0.563,23,31,0.742,4,29,33,56,12,3,22,34,174,0,,exumda01,Dallas Mavericks
440,Caleb Martin,29.0,14,0,275,28,72,0.389,4,16,0.25,24,56,0.429,0.417,15,24,0.625,10,31,41,26,12,3,13,24,75,0,,martica02,Dallas Mavericks
441,Anthony Davis,31.0,9,9,266,70,152,0.461,7,30,0.233,63,122,0.516,0.484,33,48,0.688,15,76,91,40,5,20,20,16,180,1,AS,davisan02,Dallas Mavericks
442,Kai Jones,24.0,12,6,260,61,73,0.836,1,3,0.333,60,70,0.857,0.842,14,20,0.7,25,54,79,15,9,10,8,27,137,0,,joneska01,Dallas Mavericks
443,Moses Brown,25.0,4,2,73,21,29,0.724,0,0,,21,29,0.724,0.724,5,6,0.833,8,23,31,2,4,3,5,11,47,0,,brownmo01,Dallas Mavericks
444,Kylor Kelley,27.0,8,1,67,10,13,0.769,0,0,,10,13,0.769,0.769,4,6,0.667,8,13,21,2,0,2,1,8,24,0,,kelleky01,Dallas Mavericks
445,Jazian Gortman,21.0,16,0,57,9,23,0.391,4,11,0.364,5,12,0.417,0.478,2,4,0.5,1,4,5,6,2,1,5,9,24,0,,gortmja01,Dallas Mavericks
446,Markieff Morris,35.0,7,0,41,5,22,0.227,2,13,0.154,3,9,0.333,0.273,0,0,,0,8,8,4,1,1,2,2,12,0,,morrima02,Dallas Mavericks
447,Team Totals,,82,82,19731,3443,7194,0.479,1020,2801,0.364,2423,4393,0.552,0.549,1458,1894,0.77,828,2702,3530,2070,636,445,1091,1458,9364,4,,-9999,Dallas Mavericks
448,Austin Reaves,26.0,73,73,2550,477,1037,0.46,200,531,0.377,277,506,0.547,0.556,321,366,0.877,61,268,329,421,81,22,177,151,1475,1,,reaveau01,Los Angeles Lakers
449,LeBron James,40.0,70,70,2444,651,1270,0.513,149,396,0.376,502,874,0.574,0.571,259,331,0.782,72,474,546,575,70,39,260,99,1710,10,MVP-6CPOY-7ASNBA2,jamesle01,Los Angeles Lakers
450,Rui Hachimura,26.0,59,57,1869,293,576,0.509,102,247,0.413,191,329,0.581,0.597,87,113,0.77,79,216,295,83,45,26,49,105,775,0,,hachiru01,Los Angeles Lakers
451,Gabe Vincent,28.0,72,11,1527,168,420,0.4,109,309,0.353,59,111,0.532,0.53,15,21,0.714,20,72,92,98,51,13,41,152,460,0,,vincega01,Los Angeles Lakers
452,Dalton Knecht,23.0,78,16,1494,257,557,0.461,128,340,0.376,129,217,0.594,0.576,64,84,0.762,37,179,216,66,24,8,37,93,706,0,,knechda01,Los Angeles Lakers
453,Anthony Davis,31.0,42,42,1440,400,758,0.528,28,94,0.298,372,664,0.56,0.546,253,321,0.788,119,380,499,141,54,90,93,82,1081,0,AS,davisan02,Los Angeles Lakers
454,Dorian Finney-Smith,31.0,43,20,1239,122,276,0.442,82,206,0.398,40,70,0.571,0.591,15,21,0.714,49,107,156,59,40,11,38,82,341,0,,finnedo01,Los Angeles Lakers
455,Max Christie,21.0,46,25,1154,128,288,0.444,60,163,0.368,68,125,0.544,0.549,74,87,0.851,25,98,123,66,35,21,39,73,390,0,,chrisma02,Los Angeles Lakers
456,Jaxson Hayes,24.0,56,35,1093,161,223,0.722,0,3,0.0,161,220,0.732,0.722,61,98,0.622,78,191,269,58,31,51,43,136,383,0,,hayesja02,Los Angeles Lakers
457,Luka Dončić,25.0,28,28,984,245,559,0.438,102,269,0.379,143,290,0.493,0.53,197,249,0.791,24,202,226,211,45,12,104,68,789,2,,doncilu01,Los Angeles Lakers
458,D'Angelo Russell,28.0,29,10,763,129,311,0.415,56,168,0.333,73,143,0.51,0.505,45,53,0.849,8,72,80,136,23,4,50,53,359,0,,russeda01,Los Angeles Lakers
459,Cam Reddish,25.0,33,8,589,38,94,0.404,13,47,0.277,25,47,0.532,0.473,16,26,0.615,17,49,66,22,33,10,12,43,105,0,,reddica01,Los Angeles Lakers
460,Jarred Vanderbilt,25.0,36,2,581,59,121,0.488,9,32,0.281,50,89,0.562,0.525,20,36,0.556,68,114,182,41,35,10,29,67,147,0,,vandeja01,Los Angeles Lakers
461,Jordan Goodwin,26.0,29,5,543,63,144,0.438,26,68,0.382,37,76,0.487,0.528,9,11,0.818,38,74,112,42,30,11,26,43,161,0,,goodwjo01,Los Angeles Lakers
462,Shake Milton,28.0,30,1,345,42,97,0.433,10,34,0.294,32,63,0.508,0.485,22,26,0.846,15,38,53,38,10,3,20,24,116,0,,miltosh01,Los Angeles Lakers
463,Christian Koloko,24.0,37,0,342,40,66,0.606,0,4,0.0,40,62,0.645,0.606,10,14,0.714,35,57,92,16,8,16,12,44,90,0,,kolokch01,Los Angeles Lakers
464,Trey Jemison,25.0,22,0,226,26,42,0.619,0,0,,26,42,0.619,0.619,5,12,0.417,22,39,61,6,2,9,14,42,57,0,,jemistr01,Los Angeles Lakers
465,Bronny James,20.0,27,1,181,21,67,0.313,9,32,0.281,12,35,0.343,0.381,11,14,0.786,4,14,18,22,9,3,13,13,62,0,,jamesbr02,Los Angeles Lakers
466,Markieff Morris,35.0,8,2,124,16,48,0.333,7,23,0.304,9,25,0.36,0.406,5,6,0.833,3,12,15,17,1,2,3,14,44,0,,morrima02,Los Angeles Lakers
467,Alex Len,31.0,10,4,122,10,22,0.455,1,3,0.333,9,19,0.474,0.477,1,4,0.25,13,18,31,8,1,3,9,21,22,0,,lenal01,Los Angeles Lakers
468,Armel Traoré,22.0,9,0,67,6,19,0.316,0,7,0.0,6,12,0.5,0.316,2,7,0.286,2,13,15,1,4,2,3,6,14,0,,armeltr01,Los Angeles Lakers
469,Maxwell Lewis,22.0,7,0,29,2,6,0.333,0,0,,2,6,0.333,0.333,0,0,,2,0,2,2,1,0,2,1,4,0,,lewisma05,Los Angeles Lakers
470,Jalen Hood-Schifino,21.0,2,0,14,1,1,1.0,0,0,,1,1,1.0,1.0,2,2,1.0,1,0,1,1,0,1,1,3,4,0,,hoodsja01,Los Angeles Lakers
471,Quincy Olivari,23.0,2,0,10,1,5,0.2,1,5,0.2,0,0,,0.3,0,0,,0,0,0,1,0,0,1,0,3,0,,olivaqu01,Los Angeles Lakers
472,Team Totals,,82,82,19730,3356,7007,0.479,1092,2981,0.366,2264,4026,0.562,0.557,1494,1902,0.785,792,2687,3479,2131,633,367,1076,1415,9298,13,,-9999,Los Angeles Lakers
473,Chris Paul,39.0,82,82,2292,249,583,0.427,140,371,0.377,109,212,0.514,0.547,85,92,0.924,33,263,296,605,103,22,129,151,723,0,,paulch01,San Antonio Spurs
474,Harrison Barnes,32.0,82,82,2230,347,683,0.508,156,360,0.433,191,323,0.591,0.622,161,199,0.809,97,213,310,136,39,14,50,75,1011,0,,barneha02,San Antonio Spurs
475,Stephon Castle,20.0,81,47,2162,423,988,0.428,95,333,0.285,328,655,0.501,0.476,249,344,0.724,89,208,297,332,74,22,177,164,1190,0,ROY-1,castlst01,San Antonio Spurs
476,Devin Vassell,24.0,64,53,1983,394,889,0.443,158,429,0.368,236,460,0.513,0.532,95,120,0.792,34,221,255,183,84,33,88,108,1041,0,,vassede01,San Antonio Spurs
477,Julian Champagnie,23.0,82,29,1932,276,665,0.415,178,480,0.371,98,185,0.53,0.549,85,94,0.904,67,251,318,111,61,35,74,114,815,0,,champju02,San Antonio Spurs
478,Keldon Johnson,25.0,77,0,1838,371,770,0.482,87,274,0.318,284,496,0.573,0.538,150,194,0.773,112,259,371,125,49,22,77,115,979,0,,johnske04,San Antonio Spurs
479,Victor Wembanyama,21.0,46,46,1527,408,857,0.476,142,403,0.352,266,454,0.586,0.559,158,189,0.836,82,424,506,168,52,176,149,105,1116,1,AS,wembavi01,San Antonio Spurs
480,Jeremy Sochan,21.0,54,23,1364,251,469,0.535,28,91,0.308,223,378,0.59,0.565,87,125,0.696,127,225,352,128,45,27,84,131,617,0,,sochaje01,San Antonio Spurs
481,Blake Wesley,21.0,58,0,683,81,186,0.435,17,58,0.293,64,128,0.5,0.481,38,61,0.623,17,44,61,114,37,6,54,46,217,0,,weslebl01,San Antonio Spurs
482,Sandro Mamukelashvili,25.0,61,0,681,141,281,0.502,60,161,0.373,81,120,0.675,0.609,43,58,0.741,62,125,187,48,22,17,26,60,385,0,,mamuksa01,San Antonio Spurs
483,De'Aaron Fox,27.0,17,17,578,125,280,0.446,26,95,0.274,99,185,0.535,0.493,59,72,0.819,9,64,73,116,25,5,41,46,335,0,,foxde01,San Antonio Spurs
484,Bismack Biyombo,32.0,28,26,528,67,114,0.588,0,0,,67,114,0.588,0.588,10,25,0.4,43,115,158,31,16,23,27,52,144,0,,biyombi01,San Antonio Spurs
485,Tre Jones,25.0,28,0,450,45,93,0.484,8,26,0.308,37,67,0.552,0.527,25,33,0.758,15,43,58,104,18,5,21,33,123,0,,jonestr01,San Antonio Spurs
486,Malaki Branham,21.0,47,0,427,87,190,0.458,34,84,0.405,53,106,0.5,0.547,27,33,0.818,7,44,51,38,11,2,34,29,235,0,,branhma01,San Antonio Spurs
487,Zach Collins,27.0,36,4,425,61,132,0.462,14,46,0.304,47,86,0.547,0.515,31,35,0.886,38,63,101,52,14,15,23,70,167,0,,colliza01,San Antonio Spurs
488,Charles Bassey,24.0,36,1,376,68,117,0.581,0,0,,68,117,0.581,0.581,21,33,0.636,56,96,152,17,14,30,23,50,157,0,,bassech01,San Antonio Spurs
489,Jordan McLaughlin,28.0,18,0,124,15,28,0.536,9,20,0.45,6,8,0.75,0.696,6,6,1.0,2,7,9,27,5,1,5,5,45,0,,mclaujo01,San Antonio Spurs
490,Sidy Cissoko,20.0,17,0,54,9,18,0.5,3,7,0.429,6,11,0.545,0.583,1,6,0.167,3,7,10,6,1,0,2,6,22,0,,cissosi01,San Antonio Spurs
491,Harrison Ingram,22.0,5,0,35,2,4,0.5,0,1,0.0,2,3,0.667,0.5,0,0,,2,7,9,3,3,0,1,2,4,0,,ingraha01,San Antonio Spurs
492,David Duke Jr.,25.0,6,0,34,6,14,0.429,3,6,0.5,3,8,0.375,0.536,1,2,0.5,1,4,5,4,1,0,2,1,16,0,,dukeda01,San Antonio Spurs
493,Riley Minix,24.0,1,0,7,0,1,0.0,0,1,0.0,0,0,,0.0,0,0,,0,2,2,0,0,0,0,0,0,0,,minixri01,San Antonio Spurs
494,Team Totals,,82,82,19730,3426,7362,0.465,1158,3246,0.357,2268,4116,0.551,0.544,1332,1721,0.774,896,2685,3581,2348,674,455,1087,1363,9342,1,,-9999,San Antonio Spurs
495,Jalen Wilson,24.0,79,22,2031,246,620,0.397,122,362,0.337,124,258,0.481,0.495,135,165,0.818,75,195,270,145,40,5,79,164,749,0,,wilsoja03,Brooklyn Nets
496,Keon Johnson,22.0,79,56,1925,303,779,0.389,126,401,0.314,177,378,0.468,0.47,107,139,0.77,63,234,297,175,82,30,116,209,839,0,,johnske07,Brooklyn Nets
497,Nic Claxton,25.0,70,62,1882,320,568,0.563,5,21,0.238,315,547,0.576,0.568,79,154,0.513,157,358,515,157,62,100,87,150,724,0,,claxtni01,Brooklyn Nets
498,Cameron Johnson,28.0,57,57,1800,355,747,0.475,159,408,0.39,196,339,0.578,0.582,201,225,0.893,54,193,247,194,53,25,99,104,1070,0,,johnsca02,Brooklyn Nets
499,Ziaire Williams,23.0,63,45,1541,214,520,0.412,103,302,0.341,111,218,0.509,0.511,101,123,0.821,61,226,287,84,62,28,67,149,632,0,,willizi02,Brooklyn Nets
500,Tyrese Martin,25.0,60,11,1315,189,465,0.406,99,282,0.351,90,183,0.492,0.513,46,58,0.793,58,161,219,122,34,9,74,77,523,0,,martity01,Brooklyn Nets
501,Noah Clowney,20.0,46,20,1042,133,372,0.358,87,261,0.333,46,111,0.414,0.474,67,80,0.838,43,138,181,40,24,21,46,105,420,0,,clownno01,Brooklyn Nets
502,Trendon Watford,24.0,44,6,913,164,350,0.469,29,88,0.33,135,262,0.515,0.51,93,122,0.762,37,123,160,115,27,12,83,95,450,0,,watfotr01,Brooklyn Nets
503,Day'Ron Sharpe,23.0,50,2,907,165,317,0.521,11,45,0.244,154,272,0.566,0.538,56,74,0.757,149,181,330,91,41,42,63,113,397,0,,sharpda01,Brooklyn Nets
504,Ben Simmons,28.0,33,24,825,93,170,0.547,0,0,,93,170,0.547,0.547,18,26,0.692,30,142,172,229,26,16,88,81,204,0,,simmobe01,Brooklyn Nets
505,Cam Thomas,23.0,25,23,781,199,454,0.438,68,195,0.349,131,259,0.506,0.513,133,151,0.881,15,68,83,94,15,2,62,44,599,0,,thomaca02,Brooklyn Nets
506,Dennis Schröder,31.0,23,23,772,147,325,0.452,58,150,0.387,89,175,0.509,0.542,72,81,0.889,4,64,68,152,26,4,59,56,424,0,,schrode01,Brooklyn Nets
507,D'Angelo Russell,28.0,29,26,717,120,327,0.367,57,192,0.297,63,135,0.467,0.454,76,92,0.826,12,70,82,161,33,19,58,62,373,0,,russeda01,Brooklyn Nets
508,Tosan Evbuomwan,23.0,28,0,665,94,220,0.427,24,77,0.312,70,143,0.49,0.482,55,73,0.753,32,88,120,55,24,10,39,55,267,0,,evbuoto01,Brooklyn Nets
509,Dorian Finney-Smith,31.0,20,20,579,73,159,0.459,47,108,0.435,26,51,0.51,0.607,15,24,0.625,31,60,91,31,18,12,18,54,208,0,,finnedo01,Brooklyn Nets
510,Shake Milton,28.0,27,1,492,73,157,0.465,28,72,0.389,45,85,0.529,0.554,25,33,0.758,16,35,51,64,15,1,20,43,199,0,,miltosh01,Brooklyn Nets
511,Reece Beekman,23.0,34,4,465,34,106,0.321,7,40,0.175,27,66,0.409,0.354,16,21,0.762,12,26,38,62,32,2,21,35,91,0,,beekmre01,Brooklyn Nets
512,Maxwell Lewis,22.0,21,1,298,43,102,0.422,19,50,0.38,24,52,0.462,0.515,7,10,0.7,16,37,53,17,8,7,12,28,112,0,,lewisma05,Brooklyn Nets
513,Drew Timme,24.0,9,2,254,45,102,0.441,9,35,0.257,36,67,0.537,0.485,10,16,0.625,17,48,65,20,4,1,15,21,109,0,,timmedr01,Brooklyn Nets
514,Dariq Whitehead,20.0,20,0,246,39,96,0.406,33,74,0.446,6,22,0.273,0.578,3,5,0.6,4,25,29,12,6,1,15,22,114,0,,whiteda01,Brooklyn Nets
515,Killian Hayes,23.0,6,5,162,18,43,0.419,8,21,0.381,10,22,0.455,0.512,10,12,0.833,5,13,18,31,4,4,9,13,54,0,,hayeski01,Brooklyn Nets
516,Tyson Etienne,25.0,7,0,151,17,52,0.327,13,44,0.295,4,8,0.5,0.452,8,10,0.8,3,6,9,12,3,1,8,17,55,0,,etienty01,Brooklyn Nets
517,Cui Yongxi,21.0,5,0,10,1,7,0.143,0,3,0.0,1,4,0.25,0.143,1,2,0.5,0,2,2,0,0,0,0,0,3,0,,cuiyo01,Brooklyn Nets
518,Jaylen Martin,21.0,3,0,5,1,2,0.5,1,1,1.0,0,1,0.0,0.75,0,0,,0,0,0,0,0,0,0,1,3,0,,martija02,Brooklyn Nets
519,Team Totals,,82,82,19778,3086,7060,0.437,1113,3232,0.344,1973,3828,0.515,0.516,1334,1696,0.787,894,2493,3387,2063,639,352,1138,1698,8619,0,,-9999,Brooklyn Nets
520,DeMar DeRozan,35.0,77,77,2768,624,1308,0.477,84,256,0.328,540,1052,0.513,0.509,378,441,0.857,50,248,298,342,62,32,105,150,1710,0,,derozde01,Sacramento Kings
521,Keegan Murray,24.0,76,76,2610,364,820,0.444,154,449,0.343,210,371,0.566,0.538,60,72,0.833,146,361,507,109,61,69,60,186,942,0,,murrake02,Sacramento Kings
522,Domantas Sabonis,28.0,70,70,2429,527,893,0.59,65,156,0.417,462,737,0.627,0.627,218,289,0.754,267,705,972,423,48,26,202,229,1337,10,,sabondo01,Sacramento Kings
523,Malik Monk,26.0,65,45,2054,412,939,0.439,139,428,0.325,273,511,0.534,0.513,154,178,0.865,30,215,245,362,61,38,159,158,1117,0,,monkma01,Sacramento Kings
524,Keon Ellis,25.0,80,28,1948,227,464,0.489,139,321,0.433,88,143,0.615,0.639,73,86,0.849,60,152,212,120,121,63,71,176,666,0,,elliske01,Sacramento Kings
525,De'Aaron Fox,27.0,45,45,1663,414,883,0.469,92,286,0.322,322,597,0.539,0.521,204,246,0.829,45,180,225,276,66,20,133,118,1124,0,,foxde01,Sacramento Kings
526,Trey Lyles,29.0,69,5,1349,157,374,0.42,81,238,0.34,76,136,0.559,0.528,56,80,0.7,80,236,316,82,41,23,39,86,451,0,,lylestr01,Sacramento Kings
527,Zach LaVine,29.0,32,32,1170,262,513,0.511,103,231,0.446,159,282,0.564,0.611,90,103,0.874,10,103,113,121,19,2,87,57,717,0,,lavinza01,Sacramento Kings
528,Kevin Huerter,26.0,43,15,899,128,310,0.413,62,205,0.302,66,105,0.629,0.513,20,28,0.714,19,101,120,74,36,16,37,70,338,0,,huertke01,Sacramento Kings
529,Jonas Valančiūnas,32.0,32,9,541,114,205,0.556,1,10,0.1,113,195,0.579,0.559,50,59,0.847,70,153,223,56,15,18,32,84,279,0,,valanjo01,Sacramento Kings
530,Devin Carter,22.0,36,0,396,47,127,0.37,18,61,0.295,29,66,0.439,0.441,26,44,0.591,19,57,76,41,21,4,18,39,138,0,,cartede02,Sacramento Kings
531,Jake LaRavia,23.0,19,0,367,42,96,0.438,20,52,0.385,22,44,0.5,0.542,11,19,0.579,23,31,54,25,18,3,17,40,115,0,,laravja01,Sacramento Kings
532,Doug McDermott,33.0,42,3,342,50,117,0.427,44,101,0.436,6,16,0.375,0.615,3,5,0.6,3,19,22,7,4,2,6,30,147,0,,mcderdo01,Sacramento Kings
533,Isaac Jones,24.0,40,0,304,54,83,0.651,3,8,0.375,51,75,0.68,0.669,23,36,0.639,22,35,57,12,5,10,16,30,134,0,,jonesis01,Sacramento Kings
534,Alex Len,31.0,36,3,258,22,41,0.537,1,6,0.167,21,35,0.6,0.549,7,13,0.538,25,39,64,30,8,18,11,35,52,0,,lenal01,Sacramento Kings
535,Jordan McLaughlin,28.0,28,0,190,16,44,0.364,10,26,0.385,6,18,0.333,0.477,11,16,0.688,4,17,21,24,11,0,11,13,53,0,,mclaujo01,Sacramento Kings
536,Markelle Fultz,26.0,21,0,184,28,67,0.418,4,8,0.5,24,59,0.407,0.448,1,1,1.0,6,14,20,27,10,2,15,12,61,0,,fultzma01,Sacramento Kings
537,Colby Jones,22.0,24,0,130,11,26,0.423,4,10,0.4,7,16,0.438,0.5,0,0,,8,15,23,7,6,7,7,13,26,0,,jonesco02,Sacramento Kings
538,Jae Crowder,34.0,9,2,103,7,22,0.318,4,15,0.267,3,7,0.429,0.409,5,6,0.833,6,14,20,6,3,0,4,10,23,0,,crowdja01,Sacramento Kings
539,Orlando Robinson,24.0,9,0,57,7,17,0.412,1,5,0.2,6,12,0.5,0.441,4,7,0.571,3,11,14,9,3,1,4,6,19,0,,robinor01,Sacramento Kings
540,Isaiah Crawford,23.0,15,0,46,5,11,0.455,1,5,0.2,4,6,0.667,0.5,2,4,0.5,1,7,8,1,1,2,1,2,13,0,,crawfis01,Sacramento Kings
541,Mason Jones,26.0,10,0,45,9,18,0.5,1,8,0.125,8,10,0.8,0.528,4,5,0.8,2,7,9,11,0,1,1,3,23,0,,jonesma05,Sacramento Kings
542,Skal Labissière,28.0,4,0,12,2,4,0.5,1,1,1.0,1,3,0.333,0.625,0,0,,1,2,3,1,0,0,0,1,5,0,,labissk01,Sacramento Kings
543,Terence Davis,27.0,1,0,8,0,2,0.0,0,1,0.0,0,1,0.0,0.0,0,0,,0,1,1,1,0,0,0,0,0,0,,daviste02,Sacramento Kings
544,Terry Taylor,25.0,3,0,6,0,1,0.0,0,0,,0,1,0.0,0.0,0,0,,1,0,1,2,0,0,0,0,0,0,,taylote01,Sacramento Kings
545,Team Totals,,82,82,19879,3529,7385,0.478,1032,2887,0.357,2497,4498,0.555,0.548,1400,1738,0.806,901,2723,3624,2169,620,357,1036,1548,9490,10,,-9999,Sacramento Kings
546,Kelly Oubre Jr.,29.0,60,57,2078,348,741,0.47,71,242,0.293,277,499,0.555,0.518,139,185,0.751,97,271,368,108,92,30,80,180,906,0,,oubreke01,Philadelphia 76Ers
547,Tyrese Maxey,24.0,52,52,1960,477,1091,0.437,161,478,0.337,316,613,0.515,0.511,254,289,0.879,15,159,174,317,91,21,124,116,1369,1,CPOY-10,maxeyty01,Philadelphia 76Ers
548,Guerschon Yabusele,29.0,70,43,1895,282,563,0.501,104,274,0.38,178,289,0.616,0.593,100,138,0.725,134,261,395,148,58,24,87,164,768,0,,yabusgu01,Philadelphia 76Ers
549,Paul George,34.0,41,41,1334,245,570,0.43,96,268,0.358,149,302,0.493,0.514,79,97,0.814,24,195,219,178,75,20,106,101,665,0,,georgpa01,Philadelphia 76Ers
550,Ricky Council IV,23.0,73,12,1250,177,463,0.382,55,213,0.258,122,250,0.488,0.442,123,153,0.804,51,163,214,97,32,13,52,67,532,0,,councri01,Philadelphia 76Ers
551,Justin Edwards,21.0,44,26,1155,172,378,0.455,69,190,0.363,103,188,0.548,0.546,32,46,0.696,46,102,148,69,45,16,49,98,445,0,,edwarju01,Philadelphia 76Ers
552,Caleb Martin,29.0,31,24,943,101,232,0.435,33,87,0.379,68,145,0.469,0.506,46,74,0.622,43,93,136,69,34,20,43,63,281,0,,martica02,Philadelphia 76Ers
553,Quentin Grimes,24.0,28,25,943,215,458,0.469,82,220,0.373,133,238,0.559,0.559,100,133,0.752,29,116,145,127,42,12,80,60,612,0,,grimequ01,Philadelphia 76Ers
554,Adem Bona,21.0,58,11,905,135,192,0.703,0,1,0.0,135,191,0.707,0.703,67,100,0.67,92,153,245,27,26,69,61,125,337,0,,bonaad01,Philadelphia 76Ers
555,Eric Gordon,36.0,39,13,768,87,204,0.426,56,137,0.409,31,67,0.463,0.564,36,48,0.75,8,38,46,65,26,12,28,32,266,0,,gordoer01,Philadelphia 76Ers
556,Andre Drummond,31.0,40,23,751,117,234,0.5,3,20,0.15,114,214,0.533,0.506,56,90,0.622,109,201,310,34,39,18,55,94,293,0,,drumman01,Philadelphia 76Ers
557,Jared Butler,24.0,28,17,682,118,277,0.426,45,128,0.352,73,149,0.49,0.507,40,46,0.87,11,58,69,138,30,8,51,57,321,0,,butleja02,Philadelphia 76Ers
558,Kyle Lowry,38.0,35,12,659,41,117,0.35,29,88,0.33,12,29,0.414,0.474,27,33,0.818,11,56,67,96,33,11,21,62,138,0,,lowryky01,Philadelphia 76Ers
559,Jeff Dowtin Jr.,27.0,41,3,621,112,230,0.487,28,70,0.4,84,160,0.525,0.548,33,45,0.733,12,48,60,78,24,12,15,29,285,0,,dowtije01,Philadelphia 76Ers
560,Jared McCain,20.0,23,8,592,126,274,0.46,51,133,0.383,75,141,0.532,0.553,49,56,0.875,13,43,56,60,15,0,37,37,352,0,ROY-7,mccaija01,Philadelphia 76Ers
561,Joel Embiid,30.0,19,19,574,140,315,0.444,23,77,0.299,117,238,0.492,0.481,149,169,0.882,36,119,155,85,14,18,62,42,452,1,,embiijo01,Philadelphia 76Ers
562,KJ Martin,24.0,24,7,480,61,99,0.616,8,21,0.381,53,78,0.679,0.657,24,29,0.828,21,51,72,19,11,16,12,62,154,0,,martike04,Philadelphia 76Ers
563,Lonnie Walker IV,26.0,20,7,477,89,212,0.42,45,127,0.354,44,85,0.518,0.526,24,30,0.8,6,57,63,50,10,5,25,27,247,0,,walkelo01,Philadelphia 76Ers
564,Reggie Jackson,34.0,31,1,384,52,133,0.391,25,74,0.338,27,59,0.458,0.485,7,9,0.778,8,34,42,45,16,3,17,34,136,0,,jacksre01,Philadelphia 76Ers
565,Jalen Hood-Schifino,21.0,13,0,301,36,97,0.371,14,46,0.304,22,51,0.431,0.443,16,19,0.842,2,24,26,36,5,6,17,22,102,0,,hoodsja01,Philadelphia 76Ers
566,Marcus Bagley,23.0,10,4,253,27,69,0.391,5,32,0.156,22,37,0.595,0.428,8,10,0.8,23,47,70,10,9,12,7,16,67,0,,baglema02,Philadelphia 76Ers
567,Alex Reese,25.0,14,0,214,25,53,0.472,15,41,0.366,10,12,0.833,0.613,9,12,0.75,8,38,46,4,10,10,6,21,74,0,,reeseal01,Philadelphia 76Ers
568,Chuma Okeke,26.0,7,3,171,18,33,0.545,10,22,0.455,8,11,0.727,0.697,2,3,0.667,20,23,43,13,5,3,3,5,48,0,,okekech01,Philadelphia 76Ers
569,Oshae Brissett,26.0,6,2,142,19,39,0.487,6,18,0.333,13,21,0.619,0.564,8,14,0.571,7,15,22,4,4,3,8,14,52,0,,brissos01,Philadelphia 76Ers
570,Colin Castleton,24.0,5,0,98,12,24,0.5,0,4,0.0,12,20,0.6,0.5,6,9,0.667,16,21,37,10,1,1,1,13,30,0,,castlco01,Philadelphia 76Ers
571,Pete Nance,24.0,7,0,68,5,15,0.333,4,12,0.333,1,3,0.333,0.467,1,2,0.5,2,8,10,3,1,0,0,10,15,0,,nancepe01,Philadelphia 76Ers
572,Phillip Wheeler,22.0,5,0,44,3,21,0.143,0,10,0.0,3,11,0.273,0.143,2,2,1.0,2,6,8,2,1,2,1,1,8,0,,wheelph02,Philadelphia 76Ers
573,David Roddy,23.0,3,0,29,8,19,0.421,2,11,0.182,6,8,0.75,0.474,0,0,,2,7,9,3,2,0,1,1,18,0,,roddyda01,Philadelphia 76Ers
574,Isaiah Mobley,25.0,1,0,17,2,7,0.286,1,3,0.333,1,4,0.25,0.357,1,2,0.5,1,3,4,5,1,1,0,3,6,0,,mobleis01,Philadelphia 76Ers
575,Lester Quiñones,24.0,4,0,17,4,8,0.5,0,3,0.0,4,5,0.8,0.5,1,1,1.0,3,1,4,1,0,0,4,0,9,0,,quinole01,Philadelphia 76Ers
576,Team Totals,,82,82,19805,3254,7168,0.454,1041,3050,0.341,2213,4118,0.537,0.527,1439,1844,0.78,852,2411,3263,1901,752,366,1053,1556,8988,2,,-9999,Philadelphia 76Ers
577,Jalen Green,22.0,82,82,2697,608,1437,0.423,234,661,0.354,374,776,0.482,0.505,273,336,0.813,45,332,377,282,71,27,203,127,1723,0,,greenja05,Houston Rockets
578,Alperen Şengün,22.0,76,76,2395,567,1143,0.496,21,90,0.233,546,1053,0.519,0.505,296,428,0.692,262,524,786,372,84,61,194,209,1451,4,AS,sengual01,Houston Rockets
579,Dillon Brooks,29.0,75,75,2388,384,895,0.429,186,469,0.397,198,426,0.465,0.533,99,121,0.818,75,200,275,128,60,16,76,242,1053,0,,brookdi01,Houston Rockets
580,Amen Thompson,22.0,69,42,2225,388,697,0.557,25,91,0.275,363,606,0.599,0.575,169,247,0.684,192,372,564,265,97,89,138,167,970,3,DPOY-5DEF1,thompam01,Houston Rockets
581,Fred VanVleet,30.0,60,60,2111,287,759,0.378,159,461,0.345,128,298,0.43,0.483,111,137,0.81,32,189,221,333,94,25,87,140,844,0,,vanvlfr01,Houston Rockets
582,Jabari Smith Jr.,21.0,57,39,1716,248,566,0.438,98,277,0.354,150,289,0.519,0.525,104,126,0.825,105,294,399,60,25,41,61,123,698,0,,smithja05,Houston Rockets
583,Tari Eason,23.0,57,16,1420,272,559,0.487,63,184,0.342,209,375,0.557,0.543,79,104,0.76,128,234,362,83,97,50,65,136,686,0,,easonta01,Houston Rockets
584,Cam Whitmore,20.0,51,3,827,179,403,0.444,65,183,0.355,114,220,0.518,0.525,54,72,0.75,36,115,151,49,31,13,46,44,477,0,,whitmca01,Houston Rockets
585,Steven Adams,31.0,58,3,794,91,167,0.545,0,2,0.0,91,165,0.552,0.545,43,93,0.462,166,161,327,66,22,28,54,60,225,0,,adamsst01,Houston Rockets
586,Aaron Holiday,28.0,62,3,792,117,268,0.437,72,181,0.398,45,87,0.517,0.571,34,41,0.829,13,65,78,83,19,11,37,64,340,0,,holidaa01,Houston Rockets
587,Reed Sheppard,20.0,52,3,654,84,239,0.351,48,142,0.338,36,97,0.371,0.452,13,16,0.813,16,62,78,75,35,17,37,53,229,0,,sheppre01,Houston Rockets
588,Jae'Sean Tate,29.0,52,2,588,70,148,0.473,16,46,0.348,54,102,0.529,0.527,32,47,0.681,50,67,117,47,26,7,22,82,188,0,,tateja01,Houston Rockets
589,Jock Landale,29.0,42,3,500,81,152,0.533,11,26,0.423,70,126,0.556,0.569,27,40,0.675,56,81,137,37,13,10,21,49,200,0,,landajo01,Houston Rockets
590,Jeff Green,38.0,32,3,396,61,121,0.504,29,79,0.367,32,42,0.762,0.624,21,26,0.808,11,47,58,20,6,4,9,32,172,0,,greenje02,Houston Rockets
591,Jeenathan Williams,25.0,20,0,147,27,62,0.435,6,26,0.231,21,36,0.583,0.484,5,8,0.625,5,8,13,9,8,4,14,16,65,0,,willije02,Houston Rockets
592,N'Faly Dante,23.0,4,0,51,10,13,0.769,0,0,,10,13,0.769,0.769,4,5,0.8,6,15,21,2,1,5,2,9,24,0,,nfalyda01,Houston Rockets
593,Jack McVeigh,28.0,9,0,43,5,17,0.294,4,13,0.308,1,4,0.25,0.412,0,0,,2,3,5,1,0,2,2,3,14,0,,mcveija01,Houston Rockets
594,David Roddy,23.0,3,0,35,5,13,0.385,1,7,0.143,4,6,0.667,0.423,2,4,0.5,0,5,5,2,0,1,1,1,13,0,,roddyda01,Houston Rockets
595,Team Totals,,82,82,19779,3484,7659,0.455,1038,2938,0.353,2446,4721,0.518,0.523,1366,1851,0.738,1200,2774,3974,1914,689,411,1069,1557,9372,7,,-9999,Houston Rockets
596,Coby White,24.0,74,73,2450,508,1121,0.453,216,584,0.37,292,537,0.544,0.55,277,307,0.902,25,248,273,330,69,16,177,154,1509,0,,whiteco01,Chicago Bulls
597,Nikola Vučević,34.0,73,72,2278,550,1038,0.53,129,321,0.402,421,717,0.587,0.592,120,149,0.805,178,557,735,256,61,52,119,163,1349,1,,vucevni01,Chicago Bulls
598,Josh Giddey,22.0,70,69,2117,371,798,0.465,105,278,0.378,266,520,0.512,0.531,175,224,0.781,127,439,566,503,84,45,202,122,1022,7,,giddejo01,Chicago Bulls
599,Patrick Williams,23.0,63,36,1576,205,516,0.397,96,272,0.353,109,244,0.447,0.49,60,83,0.723,43,194,237,124,48,32,86,88,566,0,,willipa01,Chicago Bulls
600,Matas Buzelis,20.0,80,31,1511,252,555,0.454,96,266,0.361,156,289,0.54,0.541,88,108,0.815,55,223,278,79,29,75,74,128,688,0,ROY-7,buzelma01,Chicago Bulls
601,Zach LaVine,29.0,42,42,1432,363,710,0.511,136,305,0.446,227,405,0.56,0.607,145,182,0.797,12,190,202,189,39,10,121,64,1007,0,,lavinza01,Chicago Bulls
602,Ayo Dosunmu,25.0,46,26,1394,221,449,0.492,62,189,0.328,159,260,0.612,0.561,62,79,0.785,26,135,161,208,43,18,69,105,566,1,,dosunay01,Chicago Bulls
603,Julian Phillips,21.0,79,5,1123,128,287,0.446,50,153,0.327,78,134,0.582,0.533,60,76,0.789,67,102,169,39,38,20,27,108,366,0,,phillju01,Chicago Bulls
604,Dalen Terry,22.0,73,5,987,120,268,0.448,37,104,0.356,83,164,0.506,0.517,49,69,0.71,38,86,124,97,44,15,53,114,326,0,,terryda01,Chicago Bulls
605,Jalen Smith,24.0,64,2,962,190,408,0.466,72,222,0.324,118,186,0.634,0.554,72,89,0.809,89,268,357,65,17,44,37,95,524,0,,smithja04,Chicago Bulls
606,Kevin Huerter,26.0,26,16,780,129,294,0.439,70,186,0.376,59,108,0.546,0.558,15,21,0.714,11,74,85,82,30,7,30,51,343,0,,huertke01,Chicago Bulls
607,Lonzo Ball,27.0,35,14,777,89,243,0.366,67,195,0.344,22,48,0.458,0.504,22,27,0.815,25,93,118,115,47,17,41,55,267,0,,balllo01,Chicago Bulls
608,Talen Horton-Tucker,24.0,58,0,724,133,291,0.457,41,122,0.336,92,169,0.544,0.527,72,98,0.735,19,81,100,83,21,11,40,59,379,0,,hortota01,Chicago Bulls
609,Zach Collins,27.0,28,8,552,92,170,0.541,18,60,0.3,74,110,0.673,0.594,38,43,0.884,64,123,187,59,15,14,37,62,240,0,,colliza01,Chicago Bulls
610,Tre Jones,25.0,18,9,455,83,145,0.572,11,22,0.5,72,123,0.585,0.61,30,34,0.882,16,42,58,88,19,5,14,22,207,0,,jonestr01,Chicago Bulls
611,Jevon Carter,29.0,36,1,321,55,146,0.377,35,105,0.333,20,41,0.488,0.497,8,10,0.8,4,35,39,40,13,3,11,15,153,0,,carteje01,Chicago Bulls
612,Torrey Craig,34.0,9,1,113,22,45,0.489,15,35,0.429,7,10,0.7,0.656,3,4,0.75,8,17,25,5,2,1,0,15,62,0,,craigto01,Chicago Bulls
613,Chris Duarte,27.0,17,0,74,12,26,0.462,6,15,0.4,6,11,0.545,0.577,6,8,0.75,5,15,20,9,0,0,1,7,36,0,,duartch01,Chicago Bulls
614,E.J. Liddell,24.0,12,0,53,8,15,0.533,3,10,0.3,5,5,1.0,0.633,2,2,1.0,3,6,9,3,1,1,2,11,21,0,,liddeej01,Chicago Bulls
615,Jahmir Young,24.0,6,0,30,4,5,0.8,1,2,0.5,3,3,1.0,0.9,2,2,1.0,1,2,3,6,0,0,1,2,11,0,,youngja05,Chicago Bulls
616,Emanuel Miller,24.0,6,0,25,4,8,0.5,0,1,0.0,4,7,0.571,0.5,2,2,1.0,4,4,8,2,1,0,0,3,10,0,,milleem01,Chicago Bulls
617,Adama Sanogo,22.0,4,0,21,4,7,0.571,0,0,,4,7,0.571,0.571,0,0,,5,1,6,1,0,0,1,1,8,0,,sanogad01,Chicago Bulls
618,Team Totals,,82,82,19755,3543,7545,0.47,1266,3447,0.367,2277,4098,0.556,0.553,1308,1617,0.809,825,2935,3760,2383,621,386,1143,1444,9660,9,,-9999,Chicago Bulls
619,Keyonte George,21.0,67,35,2109,359,919,0.391,174,507,0.343,185,412,0.449,0.485,233,285,0.818,26,227,253,377,46,9,183,111,1125,0,,georgke01,Utah Jazz
620,Isaiah Collier,20.0,71,46,1839,234,555,0.422,42,169,0.249,192,386,0.497,0.459,105,154,0.682,32,203,235,446,66,16,208,149,615,0,,colliis01,Utah Jazz
621,Collin Sexton,26.0,63,61,1758,416,867,0.48,110,271,0.406,306,596,0.513,0.543,217,251,0.865,60,111,171,264,47,6,160,144,1159,0,,sextoco01,Utah Jazz
622,Walker Kessler,23.0,58,58,1740,278,419,0.663,6,34,0.176,272,385,0.706,0.671,79,152,0.52,266,441,707,97,36,138,86,130,641,0,,kesslwa01,Utah Jazz
623,Kyle Filipowski,21.0,72,27,1522,260,518,0.502,77,220,0.35,183,298,0.614,0.576,93,143,0.65,112,328,440,140,48,22,102,171,690,0,,filipky01,Utah Jazz
624,Lauri Markkanen,27.0,47,47,1476,296,700,0.423,138,399,0.346,158,301,0.525,0.521,162,185,0.876,72,206,278,70,33,17,66,79,892,0,,markkla01,Utah Jazz
625,Brice Sensabaugh,21.0,71,15,1432,275,599,0.459,157,372,0.422,118,227,0.52,0.59,65,73,0.89,42,168,210,110,46,8,107,111,772,0,,sensabr01,Utah Jazz
626,Johnny Juzang,23.0,64,18,1270,204,475,0.429,118,314,0.376,86,161,0.534,0.554,45,53,0.849,42,142,184,68,39,8,36,126,571,0,,juzanjo01,Utah Jazz
627,John Collins,27.0,40,31,1220,280,531,0.527,59,148,0.399,221,383,0.577,0.583,139,164,0.848,89,238,327,80,39,40,103,116,758,0,,collijo01,Utah Jazz
628,Cody Williams,20.0,50,21,1060,83,257,0.323,35,135,0.259,48,122,0.393,0.391,29,40,0.725,27,86,113,59,23,16,44,95,230,0,,willico04,Utah Jazz
629,Jordan Clarkson,32.0,37,9,962,201,493,0.408,84,232,0.362,117,261,0.448,0.493,114,143,0.797,25,93,118,138,31,9,86,52,600,0,,clarkjo01,Utah Jazz
630,Svi Mykhailiuk,27.0,38,13,760,118,302,0.391,70,203,0.345,48,99,0.485,0.507,28,35,0.8,22,68,90,76,19,7,52,43,334,0,,mykhasv01,Utah Jazz
631,Micah Potter,26.0,38,10,705,57,135,0.422,31,98,0.316,26,37,0.703,0.537,17,20,0.85,43,121,164,31,14,14,31,50,162,0,,pottemi01,Utah Jazz
632,Drew Eubanks,27.0,37,4,568,88,145,0.607,3,5,0.6,85,140,0.607,0.617,36,57,0.632,40,128,168,45,10,32,31,46,215,0,,eubandr01,Utah Jazz
633,KJ Martin,24.0,19,9,432,50,102,0.49,7,37,0.189,43,65,0.662,0.525,13,18,0.722,9,44,53,29,6,6,12,39,120,0,,martike04,Utah Jazz
634,Patty Mills,36.0,17,0,260,26,76,0.342,17,57,0.298,9,19,0.474,0.454,5,5,1.0,3,18,21,21,12,3,16,12,74,0,,millspa02,Utah Jazz
635,Oscar Tshiebwe,25.0,14,1,255,42,70,0.6,0,0,,42,70,0.6,0.6,23,31,0.742,46,76,122,9,13,1,10,24,107,0,,tshieos01,Utah Jazz
636,Jaden Springer,22.0,17,2,224,23,56,0.411,6,29,0.207,17,27,0.63,0.464,12,17,0.706,13,21,34,23,12,3,12,25,64,0,,sprinja01,Utah Jazz
637,Elijah Harkless,24.0,10,0,138,11,35,0.314,7,25,0.28,4,10,0.4,0.414,3,6,0.5,9,12,21,8,10,1,3,18,32,0,,harklej01,Utah Jazz
638,Taylor Hendricks,21.0,3,3,75,4,18,0.222,3,12,0.25,1,6,0.167,0.306,3,4,0.75,5,10,15,2,5,4,2,8,14,0,,hendrta01,Utah Jazz
639,Team Totals,,82,82,19805,3305,7272,0.454,1144,3267,0.35,2161,4005,0.54,0.533,1421,1836,0.774,983,2741,3724,2093,555,360,1350,1549,9175,0,,-9999,Utah Jazz
640,Toumani Camara,24.0,78,78,2548,328,716,0.458,135,360,0.375,193,356,0.542,0.552,91,126,0.722,173,277,450,175,116,50,109,230,882,0,DPOY-9DEF2,camarto01,Portland Trail Blazers
641,Anfernee Simons,25.0,70,70,2292,479,1125,0.426,215,593,0.363,264,532,0.496,0.521,175,194,0.902,25,164,189,337,60,5,143,117,1348,0,,simonan01,Portland Trail Blazers
642,Shaedon Sharpe,21.0,72,52,2252,499,1104,0.452,147,472,0.311,352,632,0.557,0.519,190,242,0.785,68,256,324,198,62,16,150,120,1335,0,,sharpsh01,Portland Trail Blazers
643,Deni Avdija,24.0,72,54,2161,402,844,0.476,125,342,0.365,277,502,0.552,0.55,290,372,0.78,110,412,522,281,71,35,196,171,1219,2,,avdijde01,Portland Trail Blazers
644,Scoot Henderson,20.0,66,10,1759,287,685,0.419,105,297,0.354,182,388,0.469,0.496,158,206,0.767,52,146,198,335,68,13,177,181,837,0,,hendesc01,Portland Trail Blazers
645,Jerami Grant,30.0,47,47,1524,214,574,0.373,108,296,0.365,106,278,0.381,0.467,141,166,0.849,26,137,163,101,41,46,65,109,677,0,,grantje01,Portland Trail Blazers
646,Donovan Clingan,20.0,67,37,1324,180,334,0.539,14,49,0.286,166,285,0.582,0.56,62,104,0.596,217,310,527,77,34,110,72,189,436,0,,clingdo01,Portland Trail Blazers
647,Deandre Ayton,26.0,40,40,1206,265,468,0.566,6,32,0.188,259,436,0.594,0.573,40,60,0.667,124,282,406,64,31,39,69,88,576,0,,aytonde01,Portland Trail Blazers
648,Dalano Banton,25.0,67,7,1120,198,507,0.391,72,222,0.324,126,285,0.442,0.462,91,125,0.728,30,105,135,160,43,34,86,58,559,0,,bantoda01,Portland Trail Blazers
649,Kris Murray,24.0,69,6,1040,117,279,0.419,27,120,0.225,90,159,0.566,0.468,26,57,0.456,76,106,182,68,35,17,43,66,287,0,,murrakr01,Portland Trail Blazers
650,Jabari Walker,22.0,60,1,749,118,229,0.515,28,72,0.389,90,157,0.573,0.576,49,71,0.69,59,152,211,37,33,6,34,87,313,0,,walkeja01,Portland Trail Blazers
651,Duop Reath,28.0,46,0,469,70,166,0.422,34,106,0.321,36,60,0.6,0.524,20,22,0.909,44,48,92,26,12,14,16,41,194,0,,reathdu01,Portland Trail Blazers
652,Rayan Rupert,20.0,52,0,460,58,142,0.408,16,59,0.271,42,83,0.506,0.465,23,30,0.767,26,44,70,25,16,4,30,37,155,0,,ruperra01,Portland Trail Blazers
653,Robert Williams,27.0,20,3,351,50,78,0.641,1,3,0.333,49,75,0.653,0.647,15,17,0.882,35,83,118,21,13,33,17,31,116,0,,williro04,Portland Trail Blazers
654,Matisse Thybulle,27.0,15,5,312,42,88,0.477,21,48,0.438,21,40,0.525,0.597,7,15,0.467,14,38,52,28,33,9,13,14,112,0,,thybuma01,Portland Trail Blazers
655,Justin Minaya,25.0,19,0,101,8,21,0.381,2,10,0.2,6,11,0.545,0.429,0,2,0.0,5,5,10,7,6,1,5,12,18,0,,minayju01,Portland Trail Blazers
656,Sidy Cissoko,20.0,5,0,60,4,12,0.333,0,6,0.0,4,6,0.667,0.333,2,3,0.667,5,6,11,9,1,1,9,4,10,0,,cissosi01,Portland Trail Blazers
657,Bryce McGowens,22.0,13,0,32,4,14,0.286,0,4,0.0,4,10,0.4,0.286,5,6,0.833,2,1,3,2,1,0,4,3,13,0,,mcgowbr01,Portland Trail Blazers
658,Taze Moore,26.0,2,0,20,2,10,0.2,1,4,0.25,1,6,0.167,0.25,1,2,0.5,4,4,8,1,2,0,2,0,6,0,,mooreta02,Portland Trail Blazers
659,Team Totals,,82,82,19780,3325,7396,0.45,1057,3095,0.342,2268,4301,0.527,0.521,1386,1820,0.762,1095,2576,3671,1952,678,433,1240,1558,9093,2,,-9999,Portland Trail Blazers
660,Bub Carrington,19.0,82,57,2458,300,748,0.401,138,407,0.339,162,341,0.475,0.493,69,85,0.812,33,308,341,364,54,21,141,190,807,0,,carrica01,Washington Wizards
661,Jordan Poole,25.0,68,68,2001,457,1057,0.432,235,622,0.378,222,435,0.51,0.544,242,274,0.883,31,172,203,303,86,27,204,201,1391,0,,poolejo01,Washington Wizards
662,Bilal Coulibaly,20.0,59,59,1948,263,624,0.421,63,224,0.281,200,400,0.5,0.472,138,185,0.746,91,203,294,199,78,41,125,139,727,1,,coulibi01,Washington Wizards
663,Alex Sarr,19.0,67,67,1814,326,828,0.394,105,341,0.308,221,487,0.454,0.457,112,165,0.679,124,311,435,161,44,101,114,146,869,0,ROY-4,sarral01,Washington Wizards
664,Kyshawn George,21.0,68,38,1802,203,546,0.372,114,354,0.322,89,192,0.464,0.476,70,93,0.753,49,236,285,169,68,50,97,201,590,0,,georgky01,Washington Wizards
665,Corey Kispert,25.0,61,0,1602,255,565,0.451,120,330,0.364,135,235,0.574,0.558,75,88,0.852,36,145,181,103,26,14,64,98,705,0,,kispeco01,Washington Wizards
666,Justin Champagnie,23.0,62,31,1340,210,411,0.511,74,193,0.383,136,218,0.624,0.601,50,73,0.685,112,239,351,60,65,39,54,110,544,0,,champju01,Washington Wizards
667,Jonas Valančiūnas,32.0,49,12,983,231,422,0.547,7,27,0.259,224,395,0.567,0.556,95,106,0.896,120,284,404,108,22,28,88,97,564,0,,valanjo01,Washington Wizards
668,Kyle Kuzma,29.0,32,30,887,191,455,0.42,45,160,0.281,146,295,0.495,0.469,59,98,0.602,27,158,185,79,20,7,73,52,486,0,,kuzmaky01,Washington Wizards
669,AJ Johnson,20.0,22,11,595,74,194,0.381,21,85,0.247,53,109,0.486,0.436,31,35,0.886,8,44,52,69,11,3,31,50,200,0,,johnsaj01,Washington Wizards
670,Malcolm Brogdon,32.0,24,13,564,104,240,0.433,16,56,0.286,88,184,0.478,0.467,81,92,0.88,21,70,91,98,13,5,38,30,305,0,,brogdma01,Washington Wizards
671,Richaun Holmes,31.0,31,7,534,90,139,0.647,0,3,0.0,90,136,0.662,0.647,50,60,0.833,62,115,177,42,9,23,21,49,230,0,,holmeri01,Washington Wizards
672,Tristan Vukcevic,21.0,35,1,513,120,242,0.496,38,102,0.373,82,140,0.586,0.574,52,67,0.776,26,104,130,39,11,23,42,57,330,0,,vukcetr01,Washington Wizards
673,Anthony Gill,32.0,51,0,397,43,88,0.489,10,31,0.323,33,57,0.579,0.545,33,50,0.66,18,48,66,16,9,2,10,30,129,0,,gillan01,Washington Wizards
674,Colby Jones,22.0,15,0,385,48,103,0.466,12,39,0.308,36,64,0.563,0.524,23,35,0.657,13,51,64,37,20,6,16,24,131,0,,jonesco02,Washington Wizards
675,Jared Butler,24.0,32,0,362,85,176,0.483,15,41,0.366,70,135,0.519,0.526,35,45,0.778,14,27,41,82,12,5,29,40,220,0,,butleja02,Washington Wizards
676,Khris Middleton,33.0,14,14,309,52,126,0.413,13,47,0.277,39,79,0.494,0.464,33,38,0.868,8,44,52,48,18,3,19,23,150,0,,middlkh01,Washington Wizards
677,Marcus Smart,30.0,15,1,280,48,109,0.44,20,51,0.392,28,58,0.483,0.532,24,35,0.686,4,25,29,38,16,3,19,22,140,0,,smartma01,Washington Wizards
678,Johnny Davis,22.0,34,0,242,32,78,0.41,7,29,0.241,25,49,0.51,0.455,9,15,0.6,10,28,38,11,15,6,7,18,80,0,,davisjo06,Washington Wizards
679,Jaylen Martin,21.0,13,0,234,30,72,0.417,6,22,0.273,24,50,0.48,0.458,9,10,0.9,11,33,44,17,9,0,12,13,75,0,,martija02,Washington Wizards
680,JT Thor,22.0,11,0,207,16,44,0.364,3,15,0.2,13,29,0.448,0.398,8,14,0.571,17,25,42,5,6,6,3,11,43,0,,thorjt01,Washington Wizards
681,Marvin Bagley III,25.0,19,1,166,38,71,0.535,2,10,0.2,36,61,0.59,0.549,15,23,0.652,27,29,56,7,7,5,11,12,93,0,,baglema01,Washington Wizards
682,Patrick Baldwin Jr.,22.0,22,0,101,17,33,0.515,11,21,0.524,6,12,0.5,0.682,2,4,0.5,5,17,22,2,3,2,5,5,47,0,,baldwpa01,Washington Wizards
683,Jalen McDaniels,27.0,4,0,7,0,0,,0,0,,0,0,,,0,0,,0,0,0,1,1,0,0,0,0,0,,mcdanja01,Washington Wizards
684,Team Totals,,82,82,19731,3233,7371,0.439,1075,3210,0.335,2158,4161,0.519,0.512,1315,1690,0.778,867,2716,3583,2058,623,420,1223,1618,8856,1,,-9999,Washington Wizards
